#
# A fatal error has been detected by the Java Runtime Environment:
#
#  SIGBUS (0xa) at pc=0x000000011217b6c4, pid=90204, tid=159795
#
# JRE version: OpenJDK Runtime Environment JBR-21.0.11+10-1163.116-nomod (21.0.11+10) (build 21.0.11+10-b1163.116)
# Java VM: OpenJDK 64-Bit Server VM JBR-21.0.11+10-1163.116-nomod (21.0.11+10-b1163.116, mixed mode, sharing, tiered, compressed oops, compressed class ptrs, g1 gc, bsd-aarch64)
# Problematic frame:
# j  dev.anthonyhfm.amethyst.devices.GenericChainDevice.isMuted()Z+4
#
# No core dump will be written. Core dumps have been disabled. To enable core dumping, try "ulimit -c unlimited" before starting Java again
#
# If you would like to submit a bug report, please visit:
#   https://youtrack.jetbrains.com/issues/JBR
#

---------------  S U M M A R Y ------------

Command Line: -Dcompose.reload.argfile=/Users/anthony/IdeaProjects/Amethyst/composeApp/build/run/desktopMain/desktopMain.argfile -Dcompose.reload.build.continuous=false -Dcompose.reload.build.warmup=true -Dcompose.reload.buildSystem=Gradle -Dcompose.reload.devToolsClasspath=/Users/anthony/.gradle/caches/modules-2/files-2.1/org.jetbrains.compose.hot-reload/hot-reload-devtools/1.1.1/bc27016efe338fc35c213cac2349d477adc08095/hot-reload-devtools-1.1.1.jar:/Users/anthony/.gradle/caches/modules-2/files-2.1/org.jetbrains.compose.hot-reload/hot-reload-devtools-api/1.1.1/78295e7e36c6e1258d87e238865978a1a980da99/hot-reload-devtools-api-1.1.1.jar:/Users/anthony/.gradle/caches/modules-2/files-2.1/org.jetbrains.compose.hot-reload/hot-reload-orchestration/1.1.1/7b5f9ed6f49115dd0ab30a91bd22214f101d23f/hot-reload-orchestration-1.1.1.jar:/Users/anthony/.gradle/caches/modules-2/files-2.1/org.jetbrains.compose.hot-reload/hot-reload-core/1.1.1/f31266b5813648696560864a541a2fe784a0a671/hot-reload-core-1.1.1.jar:/Users/anthony/.gradle/caches/modules-2/files-2.1/org.jetbrains.compose.hot-reload/hot-reload-runtime-api-jvm/1.1.1/61c13a79480c55140cbd9fe1ca651d86efcbee7/hot-reload-runtime-api-jvm-1.1.1.jar:/Users/anthony/.gradle/caches/modules-2/files-2.1/org.jetbrains.compose.desktop/desktop-jvm/1.10.0/42facd9840309ac4eb841a986c5d1b97d2780471/desktop-jvm-1.10.0.jar:/Users/anthony/.gradle/caches/modules-2/files-2.1/org.jetbrains.compose.components/components-resources-desktop/1.10.0/c6115b607f77e9d033de360f989850d3824bf112/library-desktop-1.10.0.jar:/Users/anthony/.gradle/caches/modules-2/files-2.1/io.sellmair/evas-compose-jvm/1.4.0/a89b78f345d4a21a29c295820e4aa931aec1b93b/evas-compose-jvm-1.4.0.jar:/Users/anthony/.gradle/caches/modules-2/files-2.1/io.sellmair/evas-jvm/1.4.0/3c6955af5c56c65290575b2b998ec166c5079de4/evas-jvm-1.4.0.jar:/Users/anthony/.gradle/caches/modules-2/files-2.1/org.jetbrains.skiko/skiko-awt-runtime-macos-arm64/0.9.37.3/471d5afdecd5011d7c883edd77e01a47cbf2e02d/skiko-awt-runtime-macos-arm64-0.9.37.3.jar:/Users/anthony/.gradle/caches/modules-2/files-2.1/org.jetbrains.compose.material3/material3-desktop/1.9.0/19004c4eb3dc6618eb66a076bbe3d7e1a2e7b85/material3-desktop-1.9.0.jar:/Users/anthony/.gradle/caches/modul-Dcompose.reload.devToolsDetached=false -Dcompose.reload.devToolsEnabled=true -Dcompose.reload.devToolsHeadless=false -Dcompose.reload.devToolsTransparencyEnabled=true -Dcompose.reload.dirtyResolveDepthLimit=5 -Dcompose.reload.effectsEnabled=true -Dcompose.reload.isActive=true -Dcompose.reload.launchMode=GradleBlocking -Dcompose.reload.logLevel=Info -Dcompose.reload.logStdout=false -Dcompose.reload.mainClass=dev.anthonyhfm.amethyst.MainKt -Dcompose.reload.pidFile=/Users/anthony/IdeaProjects/Amethyst/composeApp/build/run/desktopMain/desktopMain.pid -Dcompose.reload.staticsReinitializeMode=AllDirty -Dcompose.reload.virtualMethodResolveEnabled=true -Dgradle.build.project=:composeApp -Dgradle.build.root=/Users/anthony/IdeaProjects/Amethyst -Dgradle.build.task=hotReloadDesktopMain -Dgradle.offline.mode=false -Dorg.gradle.java.home=/Users/anthony/Library/Java/JavaVirtualMachines/jbr-21.0.11/Contents/Home -XX:+IgnoreUnrecognizedVMOptions -XX:+AllowEnhancedClassRedefinition -javaagent:/Users/anthony/.gradle/caches/modules-2/files-2.1/org.jetbrains.compose.hot-reload/hot-reload-agent/1.1.1/15bff959a6459c2786e055fba794266fade25ade/hot-reload-agent-1.1.1.jar -Dfile.encoding=UTF-8 -Duser.country=DE -Duser.language=de -Duser.variant dev.anthonyhfm.amethyst.MainKt

Host: "Mac16,5" arm64, 14 cores, 36G, Darwin 25.5.0, macOS 26.5.2 (25F84)
Time: Wed Jul 29 11:46:03 2026 CEST elapsed time: 303.467089 seconds (0d 0h 5m 3s)

---------------  T H R E A D  ---------------

Current thread (0x00000007db797100):  JavaThread "echo-kotlin-audio-render" daemon [_thread_in_Java, id=159795, stack(0x00000001770cc000,0x00000001772cf000) (2060K)]

Stack: [0x00000001770cc000,0x00000001772cf000],  sp=0x00000001772ce290,  free space=2056k
Native frames: (J=compiled Java code, j=interpreted, Vv=VM code, C=native code)
j  dev.anthonyhfm.amethyst.devices.GenericChainDevice.isMuted()Z+4
j  dev.anthonyhfm.amethyst.core.engine.elements.AudioChain.processAudio(Ldev/anthonyhfm/amethyst/devices/AudioProcessingBlock;Ldev/anthonyhfm/amethyst/devices/AudioRenderContext;)V+58
j  dev.anthonyhfm.amethyst.core.engine.audio.AudioRenderer.renderSegment([FIIJJ)V+127
j  dev.anthonyhfm.amethyst.core.engine.audio.AudioRenderer.render([FIJ)V+277
j  dev.anthonyhfm.amethyst.core.engine.audio.AudioRenderer.render$default(Ldev/anthonyhfm/amethyst/core/engine/audio/AudioRenderer;[FIJILjava/lang/Object;)V+16
j  dev.anthonyhfm.amethyst.core.engine.echo.Echo.renderAndWritePeriod(Ldev/anthonyhfm/amethyst/core/engine/echo/AudioPlaybackEngine;Ldev/anthonyhfm/amethyst/nativeengine/audio/NativePcmOutput;Ljava/nio/ByteBuffer;Ljava/nio/FloatBuffer;[FIZ)V+11
j  dev.anthonyhfm.amethyst.core.engine.echo.Echo.renderAndWritePeriod$default(Ldev/anthonyhfm/amethyst/core/engine/echo/Echo;Ldev/anthonyhfm/amethyst/core/engine/echo/AudioPlaybackEngine;Ldev/anthonyhfm/amethyst/nativeengine/audio/NativePcmOutput;Ljava/nio/ByteBuffer;Ljava/nio/FloatBuffer;[FIZILjava/lang/Object;)V+23
j  dev.anthonyhfm.amethyst.core.engine.echo.Echo.renderLoop(Ldev/anthonyhfm/amethyst/core/engine/echo/AudioPlaybackEngine;Ldev/anthonyhfm/amethyst/nativeengine/audio/NativePcmOutput;Ljava/nio/ByteBuffer;Ljava/nio/FloatBuffer;[FII)V+166
j  dev.anthonyhfm.amethyst.core.engine.echo.Echo.initializeOnControlThread$lambda$1(Ldev/anthonyhfm/amethyst/nativeengine/audio/NativePcmOutput;ILdev/anthonyhfm/amethyst/devices/AudioConfiguration;Ldev/anthonyhfm/amethyst/core/engine/echo/AudioPlaybackEngine;Ljava/nio/ByteBuffer;Ljava/nio/FloatBuffer;[F)V+31
j  dev.anthonyhfm.amethyst.core.engine.echo.Echo$$Lambda+0x00000070021e1038.run()V+28
j  java.lang.Thread.runWith(Ljava/lang/Object;Ljava/lang/Runnable;)V+5 java.base@21.0.11
j  java.lang.Thread.run()V+19 java.base@21.0.11
v  ~StubRoutines::call_stub 0x0000000112168154
V  [libjvm.dylib+0x4b673c]  JavaCalls::call_helper(JavaValue*, methodHandle const&, JavaCallArguments*, JavaThread*)+0x3d8
V  [libjvm.dylib+0x4b5674]  JavaCalls::call_virtual(JavaValue*, Klass*, Symbol*, Symbol*, JavaCallArguments*, JavaThread*)+0x140
V  [libjvm.dylib+0x4b5740]  JavaCalls::call_virtual(JavaValue*, Handle, Klass*, Symbol*, Symbol*, JavaThread*)+0x64
V  [libjvm.dylib+0x5857b0]  thread_entry(JavaThread*, JavaThread*)+0x9c
V  [libjvm.dylib+0x4cac04]  JavaThread::thread_main_inner()+0x98
V  [libjvm.dylib+0xa11670]  Thread::call_run()+0xc8
V  [libjvm.dylib+0x830260]  thread_native_entry(Thread*)+0x118
C  [libsystem_pthread.dylib+0x6c58]  _pthread_start+0x88

siginfo: si_signo: 10 (SIGBUS), si_code: 1 (BUS_ADRALN), si_addr: 0x00000012d6000000

Registers:
 x0=0x00000070021b7648  x1=0x0000000000000001  x2=0x00000012d5fffff8  x3=0x0000000080000001
 x4=0x0000000000000021  x5=0x0000007002836130  x6=0x0000000084400000  x7=0x000000010687e8ec
 x8=0x0000000106c1b568  x9=0x0000000000000008 x10=0x0000000ada29b7f8 x11=0x0000000127d5a69c
x12=0x0000000128ee62d8 x13=0x0000000129dc10a8 x14=0x0000007000b66700 x15=0x00000000000000c5
x16=0x0000000188452a1c x17=0x00000007d65b7990 x18=0x0000000000000000 x19=0x00000000000000b9
x20=0x00000001772ce2a8 x21=0x0000000106c16018 x22=0x000000012be3d014 x23=0x0000000000200390
x24=0x00000001772ce318 x25=0x0000000ad72228e8 x26=0x000000012bf485b8 x27=0x0000000ad6000000
x28=0x00000007db797100  fp=0x00000001772ce300  lr=0x000000011216d420  sp=0x00000001772ce290
pc=0x000000011217b6c4 cpsr=0x0000000060000000

Register to memory mapping:

x0 =0x00000070021b7648 is a pointer to class: 
kotlinx.coroutines.flow.MutableStateFlow {0x00000070021b7648}
 - instance size:     2
 - klass size:        70
 - access:            public interface abstract 
 - flags:             rewritten should_verify_class has_miranda_methods 
 - state:             linked
 - name:              'kotlinx/coroutines/flow/MutableStateFlow'
 - super:             'java/lang/Object'
 - sub:               
 - nof implementors:  1
 - implementor:    
   'kotlinx/coroutines/flow/StateFlowImpl'
 - arrays:            null
 - methods:           Array<T>(0x0000000128ee6278)
 - method ordering:   Array<T>(0x0000000128ee6578)
 - local interfaces:  Array<T>(0x0000000128ee4ea0)
 - trans. interfaces: Array<T>(0x0000000128ee6528)
 - secondary supers: Array<T>(0x0000000128ee6588)
 - hash_slot:         8
 - bitmap:            0x0008000411001000
 - constants:         constant pool [47] {0x0000000128ee4cb8} for 'kotlinx/coroutines/flow/MutableStateFlow' cache=0x0000000128eea850
 - class loader data:  loader data: 0x00000007d701b7a0 for instance a 'jdk/internal/loader/ClassLoaders$AppClassLoader'{0x0000000ad6802778}
 - source file:       'StateFlow.kt'
 - class annotations:       Array<T>(0x0000000128ee64a8)
 - generic signature: '<T:Ljava/lang/Object;>Ljava/lang/Object;Lkotlinx/coroutines/flow/StateFlow<TT;>;Lkotlinx/coroutines/flow/MutableSharedFlow<TT;>;'
 - inner classes:     Array<T>(0x0000007000e628a0)
 - nest members:     Array<T>(0x0000007000e628a0)
 - permitted subclasses:     Array<T>(0x0000007000e628a0)
 - java mirror:       a 'java/lang/Class'{0x0000000ad7107e60} = 'kotlinx/coroutines/flow/MutableStateFlow'
 - vtable length      5  (start addr: 0x00000070021b7848)
 - itable length      0 (start addr: 0x00000070021b7870)
 - ---- static fields (0 words):
 - ---- non-static fields (0 words):
 - non-static oop maps: 
x1 =0x0000000000000001 is an unknown value
x2 =0x00000012d5fffff8 is an unknown value
x3 =0x0000000080000001 is an unknown value
x4 =0x0000000000000021 is an unknown value
x5 =0x0000007002836130 is a pointer to class: 
dev.anthonyhfm.amethyst.devices.audio.sample.SampleChainDevice {0x0000007002836130}
 - instance size:     13
 - klass size:        97
 - access:            public final synchronized 
 - flags:             rewritten has_nonstatic_fields should_verify_class has_localvariable_table has_final_method 
 - state:             fully_initialized
 - name:              'dev/anthonyhfm/amethyst/devices/audio/sample/SampleChainDevice'
 - super:             'dev/anthonyhfm/amethyst/devices/AudioChainDevice'
 - sub:               
 - arrays:            null
 - methods:           Array<T>(0x000000012be42ad8)
 - method ordering:   Array<T>(0x000000012be54088)
 - local interfaces:  Array<T>(0x0000007000e62918)
 - trans. interfaces: Array<T>(0x000000012be27fe0)
 - secondary supers: Array<T>(0x000000012be27fe0)
 - hash_slot:         16
 - bitmap:            0x0100000000000000
 - constants:         constant pool [1690]/operands[108] {0x000000012be48000} for 'dev/anthonyhfm/amethyst/devices/audio/sample/SampleChainDevice' cache=0x000000012bf49820
 - class loader data:  loader data: 0x00000007d701b7a0 for instance a 'jdk/internal/loader/ClassLoaders$AppClassLoader'{0x0000000ad6802778}
 - source file:       'SampleChainDevice.kt'
 - class annotations:       Array<T>(0x000000012be53e10)
 - generic signature: 'Ldev/anthonyhfm/amethyst/devices/AudioChainDevice<Ldev/anthonyhfm/amethyst/devices/audio/sample/SampleChainDeviceState;>;'
 - inner classes:     Array<T>(0x000000012be53f58)
 - nest members:     Array<T>(0x0000007000e628a0)
 - permitted subclasses:     Array<T>(0x0000007000e628a0)
 - java mirror:       a 'java/lang/Class'{0x0000000ada29b7f8} = 'dev/anthonyhfm/amethyst/devices/audio/sample/SampleChainDevice'
 - vtable length      25  (start addr: 0x0000007002836330)
 - itable length      5 (start addr: 0x00000070028363f8)
 - ---- static fields (6 words):
 - public static final 'Companion' 'Ldev/anthonyhfm/amethyst/devices/audio/sample/SampleChainDevice$Companion;' @112 
 - public static final '$stable' 'I' @144 
 - private static final synthetic 'publishedPlayheadFrame$volatile$FU' 'Ljava/util/concurrent/atomic/AtomicLongFieldUpdater;' @116 
 - private static final synthetic 'audioConfiguration$volatile$FU' 'Ljava/util/concurrent/atomic/AtomicReferenceFieldUpdater;' @120 
 - private static final synthetic 'renderCache$volatile$FU' 'Ljava/util/concurrent/atomic/AtomicReferenceFieldUpdater;' @124 
 - private static final 'stateClass' 'Lkotlin/reflect/KClass;' @128 
 - private static final 'serializer' 'Lkotlinx/serialization/KSerializer;' @132 
 - private static final 'VOLUME_MIN_DB' 'F' @148 
 - private static final 'VOLUME_MAX_DB' 'F' @152 
 - private static final 'VOLUME_RANGE_DB' 'F' @156 
 - private static final 'PLAYHEAD_REFRESH_MILLIS' 'J' @136 
 - ---- non-static fields (23 words):
 - private 'signalExit' 'Lkotlin/jvm/functions/Function1;' @12 
 - private 'selectionUUID' 'Ljava/lang/String;' @16 
 - private 'helpRef' 'Ljava/lang/String;' @20 
 - private 'parentChain' 'Ldev/anthonyhfm/amethyst/core/engine/elements/Chain;' @24 
 - private 'isCollapsedState' 'Landroidx/compose/runtime/MutableState;' @28 
 - private 'isDragging' 'Landroidx/compose/runtime/MutableState;' @32 
 - private 'dialAutomations' 'Lkotlinx/coroutines/flow/MutableStateFlow;' @36 
 - private 'dialAutomationRuntimes' 'Ljava/util/Map;' @40 
 - private 'automationScope' 'Lkotlinx/coroutines/CoroutineScope;' @44 
 - private 'automationTickerJob' 'Lkotlinx/coroutines/Job;' @48 
 - private 'latencyFrames' 'I' @52 
 - private 'tailFrames' 'J' @56 
 - private 'audioRole' 'Ldev/anthonyhfm/amethyst/devices/AudioChainDeviceRole;' @64 
 - private final 'state' 'Lkotlinx/coroutines/flow/MutableStateFlow;' @68 
 - private volatile synthetic 'publishedPlayheadFrame$volatile' 'J' @72 
 - private final 'helpRef' 'Ljava/lang/String;' @80 
 - private final 'audioRole' 'Ldev/anthonyhfm/amethyst/devices/AudioChainDeviceRole;' @84 
 - private final 'triggerQueue' 'Ldev/anthonyhfm/amethyst/devices/audio/sample/SampleTriggerQueue;' @88 
 - private final 'voicePool' 'Ldev/anthonyhfm/amethyst/devices/audio/sample/SampleVoicePool;' @92 
 - private volatile synthetic 'audioConfiguration$volatile' 'Ljava/lang/Object;' @96 
 - private volatile synthetic 'renderCache$volatile' 'Ljava/lang/Object;' @100 
 - non-static oop maps: 12-48 64-68 80-100 
x6 =0x0000000084400000 is an unknown value
x7 =0x000000010687e8ec: _ZN11SymbolTable10new_symbolEPKci+0xe0 in /Users/anthony/Library/Java/JavaVirtualMachines/jbr-21.0.11/Contents/Home/lib/server/libjvm.dylib at 0x0000000105eb0000
x8 =0x0000000106c1b568: _ZN19TemplateInterpreter29_invokeinterface_return_entryE+0 in /Users/anthony/Library/Java/JavaVirtualMachines/jbr-21.0.11/Contents/Home/lib/server/libjvm.dylib at 0x0000000105eb0000
x9 =0x0000000000000008 is an unknown value
x10=0x0000000ada29b7f8 is an oop: java.lang.Class 
{0x0000000ada29b7f8} - klass: 'java/lang/Class'
 - ---- fields (total size 20 words):
 - private volatile transient 'classRedefinedCount' 'I' @12  1 (0x00000001)
 - injected 'klass' 'J' @16  481078501680 (0x0000007002836130)
 - injected 'array_klass' 'J' @24  0 (0x0000000000000000)
 - injected 'oop_size' 'I' @32  20 (0x00000014)
 - injected 'static_oop_field_count' 'I' @36  6 (0x00000006)
 - private volatile transient 'cachedConstructor' 'Ljava/lang/reflect/Constructor;' @40  null (0x00000000)
 - private transient 'name' 'Ljava/lang/String;' @44  null (0x00000000)
 - private transient 'module' 'Ljava/lang/Module;' @48  a 'java/lang/Module'{0x0000000ad6816480} (0x00102c90)
 - private final 'classLoader' 'Ljava/lang/ClassLoader;' @52  a 'jdk/internal/loader/ClassLoaders$AppClassLoader'{0x0000000ad6802778} (0x001004ef)
 - private transient 'classData' 'Ljava/lang/Object;' @56  null (0x00000000)
 - private transient 'packageName' 'Ljava/lang/String;' @60  null (0x00000000)
 - private final 'componentType' 'Ljava/lang/Class;' @64  null (0x00000000)
 - private volatile transient 'reflectionData' 'Ljava/lang/ref/SoftReference;' @68  null (0x00000000)
 - private volatile transient 'genericInfo' 'Lsun/reflect/generics/repository/ClassRepository;' @72  null (0x00000000)
 - private volatile transient 'enumConstants' '[Ljava/lang/Object;' @76  null (0x00000000)
 - private volatile transient 'enumConstantDirectory' 'Ljava/util/Map;' @80  null (0x00000000)
 - private volatile transient 'annotationData' 'Ljava/lang/Class$AnnotationData;' @84  null (0x00000000)
 - private volatile transient 'annotationType' 'Lsun/reflect/annotation/AnnotationType;' @88  null (0x00000000)
 - transient 'classValueMap' 'Ljava/lang/ClassValue$ClassValueMap;' @92  null (0x00000000)
 - injected 'protection_domain' 'Ljava/lang/Object;' @96  a 'java/security/ProtectionDomain'{0x0000000ad700c8a0} (0x00201914)
 - injected 'signers_name' 'Ljava/lang/Object;' @100  null (0x00000000)
 - injected 'source_file' 'Ljava/lang/Object;' @104  null (0x00000000)
 - injected '<init_lock>' 'Ljava/lang/Object;' @108  [I{0x0000000ada29b898} (0x00853713)
 - signature: Ldev/anthonyhfm/amethyst/devices/audio/sample/SampleChainDevice;
 - ---- static fields (6):
 - public static final 'Companion' 'Ldev/anthonyhfm/amethyst/devices/audio/sample/SampleChainDevice$Companion;' @112  a 'dev/anthonyhfm/amethyst/devices/audio/sample/SampleChainDevice$Companion'{0x0000000ad78c3558} (0x003186ab)
 - public static final '$stable' 'I' @144  8 (0x00000008)
 - private static final synthetic 'publishedPlayheadFrame$volatile$FU' 'Ljava/util/concurrent/atomic/AtomicLongFieldUpdater;' @116  a 'java/util/concurrent/atomic/AtomicLongFieldUpdater$CASUpdater'{0x0000000ad78e1348} (0x0031c269)
 - private static final synthetic 'audioConfiguration$volatile$FU' 'Ljava/util/concurrent/atomic/AtomicReferenceFieldUpdater;' @120  a 'java/util/concurrent/atomic/AtomicReferenceFieldUpdater$AtomicReferenceFieldUpdaterImpl'{0x0000000ad78e1328} (0x0031c265)
 - private static final synthetic 'renderCache$volatile$FU' 'Ljava/util/concurrent/atomic/AtomicReferenceFieldUpdater;' @124  a 'java/util/concurrent/atomic/AtomicReferenceFieldUpdater$AtomicReferenceFieldUpdaterImpl'{0x0000000ad78e1308} (0x0031c261)
 - private static final 'stateClass' 'Lkotlin/reflect/KClass;' @128  a 'kotlin/reflect/jvm/internal/KClassImpl'{0x0000000ad78a9998} (0x00315333)
 - private static final 'serializer' 'Lkotlinx/serialization/KSerializer;' @132  a 'dev/anthonyhfm/amethyst/devices/audio/sample/SampleChainDeviceState$$serializer'{0x0000000ad78a9d20} (0x003153a4)
 - private static final 'VOLUME_MIN_DB' 'F' @148  -24.000000 (0xc1c00000)
 - private static final 'VOLUME_MAX_DB' 'F' @152  24.000000 (0x41c00000)
 - private static final 'VOLUME_RANGE_DB' 'F' @156  48.000000 (0x42400000)
 - private static final 'PLAYHEAD_REFRESH_MILLIS' 'J' @136  16 (0x0000000000000010)
x11=0x0000000127d5a69c: ffi_call+0x5d4 in /Users/anthony/Library/Caches/JNA/temp/jna8831089576075751089.tmp at 0x0000000127d4c000
x12={method} {0x0000000128ee62d8} 'getValue' '()Ljava/lang/Object;' in 'kotlinx/coroutines/flow/MutableStateFlow'
x13=0x0000000129dc10a8 is pointing into metadata
x14=0x0000007000b66700 is pointing into metadata
x15=0x00000000000000c5 is an unknown value
x16=0x0000000188452a1c: pthread_jit_write_protect_np+0 in /usr/lib/system/libsystem_pthread.dylib at 0x000000018844b000
x17=0x00000007d65b7990 points into unknown readable memory: 0x00000007d31c1fe0 | e0 1f 1c d3 07 00 00 00
x18=0x0 is null
x19=0x00000000000000b9 is an unknown value
x20=0x00000001772ce2a8 is pointing into the stack for thread: 0x00000007db797100
x21=0x0000000106c16018: _ZN19TemplateInterpreter13_active_tableE+0 in /Users/anthony/Library/Java/JavaVirtualMachines/jbr-21.0.11/Contents/Home/lib/server/libjvm.dylib at 0x0000000105eb0000
x22=0x000000012be3d014 is pointing into metadata
x23=0x0000000000200390 is an unknown value
x24=0x00000001772ce318 is pointing into the stack for thread: 0x00000007db797100
x25=0x0000000ad72228e8 is pointing into object: java.lang.Object 
{0x0000000ad72228e0} - klass: 'java/lang/Object'
 - ---- fields (total size 2 words):
x26=0x000000012bf485b8 is pointing into metadata
x27=0x0000000ad6000000 is an unknown value
x28=0x00000007db797100 is a thread
 fp=0x00000001772ce300 is pointing into the stack for thread: 0x00000007db797100
 lr=0x000000011216d420 is at code_begin+2400 in an Interpreter codelet
return entry points  [0x000000011216cac0, 0x000000011216d678]  3000 bytes
 sp=0x00000001772ce290 is pointing into the stack for thread: 0x00000007db797100

Top of Stack: (sp=0x00000001772ce290)
0x00000001772ce290:   00000001772ce300 000000011216cf70   ..,w....p.......
0x00000001772ce2a0:   0000000ad7dafe18 00000012d5fffff8   ................
0x00000001772ce2b0:   00000001772ce2b0 000000012be3d014   ..,w.......+....
0x00000001772ce2c0:   0000000000000003 000000012bf485b8   ...........+....
0x00000001772ce2d0:   0000000ada296988 00000001772ce290   .i).......,w....
0x00000001772ce2e0:   0000000000000000 000000012be3b308   ...........+....
0x00000001772ce2f0:   0000000000000000 00000001772ce2f0   ..........,w....
0x00000001772ce300:   00000001772ce370 000000011216d04c   p.,w....L.......
0x00000001772ce310:   0000000ad7dafe18 0000000ad7dafeb8   ................
0x00000001772ce320:   00000001772ce320 0000000128f078d2    .,w.....x.(....
0x00000001772ce330:   000000000000000b 0000000128f0d150   ........P..(....
0x00000001772ce340:   0000000ad72e4ed8 00000001772ce2f0   .N........,w....
0x00000001772ce350:   000000012aa9eea0 0000000128f07960   ...*....`y.(....
0x00000001772ce360:   00000001772ce318 00000001772ce380   ..,w......,w....
0x00000001772ce370:   00000001772ce420 000000011216d17c    .,w....|.......
0x00000001772ce380:   0000000000000000 0000000ad7dafeb8   ................
0x00000001772ce390:   0000000ad7dafeb8 0000000000000001   ................
0x00000001772ce3a0:   0000000000000000 0000000000000000   ................
0x00000001772ce3b0:   0000000ad7db08f0 0000000ad9294c60   ........`L).....
0x00000001772ce3c0:   0000000ad9294428 0000000ad7dafe18   (D).............
0x00000001772ce3d0:   00000001772ce3d0 0000000128f04b0f   ..,w.....K.(....
0x00000001772ce3e0:   000000000000000f 0000000128f4b7c0   ...........(....
0x00000001772ce3f0:   0000000ad72e2e90 00000001772ce380   ..........,w....
0x00000001772ce400:   000000012a4ff4a0 0000000128f04c00   ..O*.....L.(....
0x00000001772ce410:   00000001772ce3b8 00000001772ce430   ..,w....0.,w....
0x00000001772ce420:   00000001772ce4f0 000000011216d17c   ..,w....|.......
0x00000001772ce430:   0000000000000005 0000000000000000   ................
0x00000001772ce440:   0000000000000000 0000000ad9294c60   ........`L).....
0x00000001772ce450:   0000000ad7cb07a0 0000000ad9294428   ........(D).....
0x00000001772ce460:   00000000003ba100 0000000000000000   ..;.............
0x00000001772ce470:   00000000003ba100 0000000000000000   ..;.............
0x00000001772ce480:   0000000000000040 0000000000000000   @...............

Instructions: (pc=0x000000011217b6c4)
0x000000011217b5c4:   e0 01 00 54 c4 01 08 37 88 01 00 b4 1f 05 00 f1
0x000000011217b5d4:   40 01 00 54 84 00 08 ca 08 08 40 f9 84 00 08 ca
0x000000011217b5e4:   9f f4 7e f2 c0 00 00 54 08 08 40 f9 08 01 7f b2
0x000000011217b5f4:   08 08 00 f9 02 00 00 14 04 08 00 f9 04 00 40 f9
0x000000011217b604:   84 08 00 d1 9f 08 00 f1 08 60 00 91 8b 04 00 54
0x000000011217b614:   84 05 40 f9 84 5c 40 79 08 0c 40 f9 84 00 08 cb
0x000000011217b624:   84 04 00 d1 88 6e 24 8b 04 01 40 f9 a4 00 00 b5
0x000000011217b634:   08 10 40 f9 08 01 40 b2 08 10 00 f9 15 00 00 14
0x000000011217b644:   84 08 40 b9 84 08 5c d2 08 10 40 f9 84 00 08 ca
0x000000011217b654:   9f f4 7e f2 e0 01 00 54 c4 01 08 37 88 01 00 b4
0x000000011217b664:   1f 05 00 f1 40 01 00 54 84 00 08 ca 08 10 40 f9
0x000000011217b674:   84 00 08 ca 9f f4 7e f2 c0 00 00 54 08 10 40 f9
0x000000011217b684:   08 01 7f b2 08 10 00 f9 02 00 00 14 04 10 00 f9
0x000000011217b694:   04 00 40 f9 84 10 00 d1 08 a0 00 91 e0 03 08 aa
0x000000011217b6a4:   00 0c 04 8b a0 03 1e f8 f3 03 00 91 b4 03 1f f8
0x000000011217b6b4:   88 35 40 f9 00 01 1f d6 b8 03 5c f8 b8 6f 38 8b
0x000000011217b6c4:   43 08 40 b9 63 08 5c d2 f0 03 0c aa 6d ac 40 b9
0x000000011217b6d4:   6d 6c 2d 8b ad 01 08 91 a9 01 40 f9 1f 00 09 eb
0x000000011217b6e4:   a0 00 00 54 c9 17 00 b4 a9 0d 41 f8 1f 00 09 eb
0x000000011217b6f4:   a1 ff ff 54 ad 03 5e f8 2d 05 00 b4 b3 0d 40 f9
0x000000011217b704:   7f 00 13 eb c1 00 00 54 a8 11 40 f9 08 05 00 b1
0x000000011217b714:   42 00 00 54 a8 11 00 f9 1f 00 00 14 73 02 00 b4
0x000000011217b724:   b3 15 40 f9 7f 00 13 eb c1 00 00 54 a8 19 40 f9
0x000000011217b734:   08 05 00 b1 42 00 00 54 a8 19 00 f9 16 00 00 14
0x000000011217b744:   d3 00 00 b4 a8 05 40 f9 08 05 00 b1 42 00 00 54
0x000000011217b754:   a8 05 00 f9 10 00 00 14 a3 15 00 f9 f3 03 40 b2
0x000000011217b764:   b3 19 00 f9 0c 00 00 14 a8 15 40 f9 7f 00 08 eb
0x000000011217b774:   c1 00 00 54 a8 19 40 f9 08 05 00 b1 42 00 00 54
0x000000011217b784:   a8 19 00 f9 04 00 00 14 a3 0d 00 f9 f3 03 40 b2
0x000000011217b794:   b3 11 00 f9 ad e1 00 91 ad 03 1e f8 80 05 40 f9
0x000000011217b7a4:   00 04 40 f9 00 0c 40 f9 8c 2d 40 b9 8c 29 00 11
0x000000011217b7b4:   ec 03 0c 4b f8 03 03 aa 0d af 40 b9 0d 6f 2d 8b


Stack slot to memory mapping:

stack at sp + 0 slots: 0x00000001772ce300 is pointing into the stack for thread: 0x00000007db797100
stack at sp + 1 slots: 0x000000011216cf70 is at code_begin+1200 in an Interpreter codelet
return entry points  [0x000000011216cac0, 0x000000011216d678]  3000 bytes
stack at sp + 2 slots: 0x0000000ad7dafe18 is an oop: dev.anthonyhfm.amethyst.core.engine.elements.AudioChain 
{0x0000000ad7dafe18} - klass: 'dev/anthonyhfm/amethyst/core/engine/elements/AudioChain'
 - ---- fields (total size 5 words):
 - private 'signalExit' 'Lkotlin/jvm/functions/Function1;' @12  null (0x00000000)
 - private final 'devices' 'Landroidx/compose/runtime/MutableState;' @16  a 'androidx/compose/runtime/SnapshotMutableStateImpl'{0x0000000ad7dafe40} (0x003b5fc8)
 - private 'topologyChangedListener' 'Lkotlin/jvm/functions/Function0;' @20  null (0x00000000)
 - private volatile synthetic 'realtimeDevices$volatile' 'Ljava/lang/Object;' @24  a 'dev/anthonyhfm/amethyst/devices/AudioChainDevice'[1] {0x0000000ad7db08f0} (0x003b611e)
 - private volatile synthetic 'preparedConfiguration$volatile' 'Ljava/lang/Object;' @28  a 'dev/anthonyhfm/amethyst/devices/AudioConfiguration'{0x0000000ad7cb07a0} (0x003960f4)
 - private 'observedNestedChains' 'Ljava/util/List;' @32  a 'java/util/ArrayList'{0x0000000ad7db0908} (0x003b6121)
 - private final 'retiredDevices' 'Ljava/util/List;' @36  a 'java/util/ArrayList'{0x0000000ad7db0920} (0x003b6124)
stack at sp + 3 slots: 0x00000012d5fffff8 is an unknown value
stack at sp + 4 slots: 0x00000001772ce2b0 is pointing into the stack for thread: 0x00000007db797100
stack at sp + 5 slots: 0x000000012be3d014 is pointing into metadata
stack at sp + 6 slots: 0x0000000000000003 is an unknown value
stack at sp + 7 slots: 0x000000012bf485b8 is pointing into metadata

invokeinterface  185 invokeinterface  [0x000000011217b040, 0x000000011217ba60]  2592 bytes
[MachCode]
  0x000000011217b040: 808e 1ff8 | 0900 0014 | 808e 1fbc | 0700 0014 | 800e 1ffc | 0500 0014 | 9f8e 1ff8 | 808e 1ff8 
  0x000000011217b060: 0200 0014 | 808e 1ff8 | b683 1bf8 | c412 4078 | 4917 048b | 33e1 0091 | 73fe df88 | 735e 50d3 
  0x000000011217b080: 7fe6 02f1 | a003 0054 | 3317 80d2 | e103 13aa | b683 1bf8 | e003 1caa | 2801 0010 | 88d7 01f9 
  0x000000011217b0a0: 94d3 01f9 | 9ddb 01f9 | e833 bfa9 | 8857 9cd2 | a8c6 a0f2 | 2800 c0f2 | 0001 3fd6 | e833 c1a8 
  0x000000011217b0c0: feff ff10 | 9fd3 01f9 | 9fdb 01f9 | 9fd7 01f9 | 8807 40f9 | a800 00b4 | 0810 90d2 | c842 a2f2 
  0x000000011217b0e0: 2800 c0f2 | 0001 1fd6 | b6e3 7ba9 | b86f 388b | c412 4078 | 4917 048b | 2031 44a9 | 2351 40b9 
  0x000000011217b100: 621c 0012 | 886e 228b | 0281 5ff8 | 697c 1c53 | 08ad 96d2 | 28d8 a0f2 | 2800 c0f2 | 1e79 69f8 
  0x000000011217b120: 631d b836 | 630c a036 | 5f00 40f9 | a003 5ef8 | e000 00b4 | 0804 40f9 | 0805 00b1 | 4200 0054 
  0x000000011217b140: 0804 00f9 | 00e0 0091 | a003 1ef8 | a003 5ef8 | 800a 00b4 | 0880 5c38 | 1f2d 00f1 | 210a 0054 
  0x000000011217b160: 0400 40f9 | 8400 00d1 | 9f08 00f1 | 0820 0091 | 2b09 0054 | 8405 40f9 | 845c 4079 | 0804 40f9 
  0x000000011217b180: 8400 08cb | 8404 00d1 | 886e 248b | 0401 40f9 | a400 00b5 | 0808 40f9 | 0801 40b2 | 0808 00f9 
  0x000000011217b1a0: 1500 0014 | 8408 40b9 | 8408 5cd2 | 0808 40f9 | 8400 08ca | 9ff4 7ef2 | e001 0054 | c401 0837 
  0x000000011217b1c0: 8801 00b4 | 1f05 00f1 | 4001 0054 | 8400 08ca | 0808 40f9 | 8400 08ca | 9ff4 7ef2 | c000 0054 
  0x000000011217b1e0: 0808 40f9 | 0801 7fb2 | 0808 00f9 | 0200 0014 | 0408 00f9 | 0400 40f9 | 8408 00d1 | 9f08 00f1 
  0x000000011217b200: 0860 0091 | 8b04 0054 | 8405 40f9 | 845c 4079 | 080c 40f9 | 8400 08cb | 8404 00d1 | 886e 248b 
  0x000000011217b220: 0401 40f9 | a400 00b5 | 0810 40f9 | 0801 40b2 | 0810 00f9 | 1500 0014 | 8408 40b9 | 8408 5cd2 
  0x000000011217b240: 0810 40f9 | 8400 08ca | 9ff4 7ef2 | e001 0054 | c401 0837 | 8801 00b4 | 1f05 00f1 | 4001 0054 
  0x000000011217b260: 8400 08ca | 0810 40f9 | 8400 08ca | 9ff4 7ef2 | c000 0054 | 0810 40f9 | 0801 7fb2 | 0810 00f9 
  0x000000011217b280: 0200 0014 | 0410 00f9 | 0400 40f9 | 8410 00d1 | 08a0 0091 | e003 08aa | 000c 048b | a003 1ef8 
  0x000000011217b2a0: f303 0091 | b403 1ff8 | 8835 40f9 | 0001 1fd6 | 4008 40b9 | 0008 5cd2 | b803 5ef8 | 3805 00b4 
  0x000000011217b2c0: 030f 40f9 | 1f00 03eb | c100 0054 | 0813 40f9 | 0805 00b1 | 4200 0054 | 0813 00f9 | 1f00 0014 
  0x000000011217b2e0: 6302 00b4 | 0317 40f9 | 1f00 03eb | c100 0054 | 081b 40f9 | 0805 00b1 | 4200 0054 | 081b 00f9 
  0x000000011217b300: 1600 0014 | c300 00b4 | 0807 40f9 | 0805 00b1 | 4200 0054 | 0807 00f9 | 1000 0014 | 0017 00f9 
  0x000000011217b320: e303 40b2 | 031b 00f9 | 0c00 0014 | 0817 40f9 | 1f00 08eb | c100 0054 | 081b 40f9 | 0805 00b1 
  0x000000011217b340: 4200 0054 | 081b 00f9 | 0400 0014 | 000f 00f9 | e303 40b2 | 0313 00f9 | 18e3 0091 | b803 1ef8 
  0x000000011217b360: 0c6c 2c8b | 8c01 41f9 | a303 5ef8 | 830a 00b4 | 6880 5c38 | 1f2d 00f1 | 210a 0054 | 6400 40f9 
  0x000000011217b380: 8400 00d1 | 9f08 00f1 | 6820 0091 | 2b09 0054 | 8405 40f9 | 845c 4079 | 6804 40f9 | 8400 08cb 
  0x000000011217b3a0: 8404 00d1 | 886e 248b | 0401 40f9 | a400 00b5 | 6808 40f9 | 0801 40b2 | 6808 00f9 | 1500 0014 
  0x000000011217b3c0: 8408 40b9 | 8408 5cd2 | 6808 40f9 | 8400 08ca | 9ff4 7ef2 | e001 0054 | c401 0837 | 8801 00b4 
  0x000000011217b3e0: 1f05 00f1 | 4001 0054 | 8400 08ca | 6808 40f9 | 8400 08ca | 9ff4 7ef2 | c000 0054 | 6808 40f9 
  0x000000011217b400: 0801 7fb2 | 6808 00f9 | 0200 0014 | 6408 00f9 | 6400 40f9 | 8408 00d1 | 9f08 00f1 | 6860 0091 
  0x000000011217b420: 8b04 0054 | 8405 40f9 | 845c 4079 | 680c 40f9 | 8400 08cb | 8404 00d1 | 886e 248b | 0401 40f9 
  0x000000011217b440: a400 00b5 | 6810 40f9 | 0801 40b2 | 6810 00f9 | 1500 0014 | 8408 40b9 | 8408 5cd2 | 6810 40f9 
  0x000000011217b460: 8400 08ca | 9ff4 7ef2 | e001 0054 | c401 0837 | 8801 00b4 | 1f05 00f1 | 4001 0054 | 8400 08ca 
  0x000000011217b480: 6810 40f9 | 8400 08ca | 9ff4 7ef2 | c000 0054 | 6810 40f9 | 0801 7fb2 | 6810 00f9 | 0200 0014 
  0x000000011217b4a0: 6410 00f9 | 6400 40f9 | 8410 00d1 | 68a0 0091 | e303 08aa | 630c 048b | a303 1ef8 | f303 0091 
  0x000000011217b4c0: b403 1ff8 | 8835 40f9 | 0001 1fd6 | 830f a036 | 4308 40b9 | 6308 5cd2 | 7f00 00eb | e002 0054 
  0x000000011217b4e0: 0414 40b9 | 6868 64f8 | 1f00 08eb | 6002 0054 | 9f80 00f1 | 0102 0054 | e217 bfa9 | 6514 40f9 
  0x000000011217b500: a200 40b9 | a520 0091 | ff63 3feb | c200 00b4 | a884 40f8 | 1f00 08eb | 6000 0054 | 4204 00d1 
  0x000000011217b520: 82ff ffb5 | e217 c1a8 | 6100 0054 | 6010 00f9 | 0200 0014 | 2b01 0014 | a003 5ef8 | e000 00b4 
  0x000000011217b540: 0804 40f9 | 0805 00b1 | 4200 0054 | 0804 00f9 | 00e0 0091 | a003 1ef8 | a003 5ef8 | 800a 00b4 
  0x000000011217b560: 0880 5c38 | 1f2d 00f1 | 210a 0054 | 0400 40f9 | 8400 00d1 | 9f08 00f1 | 0820 0091 | 2b09 0054 
  0x000000011217b580: 8405 40f9 | 845c 4079 | 0804 40f9 | 8400 08cb | 8404 00d1 | 886e 248b | 0401 40f9 | a400 00b5 
  0x000000011217b5a0: 0808 40f9 | 0801 40b2 | 0808 00f9 | 1500 0014 | 8408 40b9 | 8408 5cd2 | 0808 40f9 | 8400 08ca 
  0x000000011217b5c0: 9ff4 7ef2 | e001 0054 | c401 0837 | 8801 00b4 | 1f05 00f1 | 4001 0054 | 8400 08ca | 0808 40f9 
  0x000000011217b5e0: 8400 08ca | 9ff4 7ef2 | c000 0054 | 0808 40f9 | 0801 7fb2 | 0808 00f9 | 0200 0014 | 0408 00f9 
  0x000000011217b600: 0400 40f9 | 8408 00d1 | 9f08 00f1 | 0860 0091 | 8b04 0054 | 8405 40f9 | 845c 4079 | 080c 40f9 
  0x000000011217b620: 8400 08cb | 8404 00d1 | 886e 248b | 0401 40f9 | a400 00b5 | 0810 40f9 | 0801 40b2 | 0810 00f9 
  0x000000011217b640: 1500 0014 | 8408 40b9 | 8408 5cd2 | 0810 40f9 | 8400 08ca | 9ff4 7ef2 | e001 0054 | c401 0837 
  0x000000011217b660: 8801 00b4 | 1f05 00f1 | 4001 0054 | 8400 08ca | 0810 40f9 | 8400 08ca | 9ff4 7ef2 | c000 0054 
  0x000000011217b680: 0810 40f9 | 0801 7fb2 | 0810 00f9 | 0200 0014 | 0410 00f9 | 0400 40f9 | 8410 00d1 | 08a0 0091 
  0x000000011217b6a0: e003 08aa | 000c 048b | a003 1ef8 | f303 0091 | b403 1ff8 | 8835 40f9 | 0001 1fd6 | b803 5cf8 
  0x000000011217b6c0: b86f 388b | 4308 40b9 | 6308 5cd2 | f003 0caa | 6dac 40b9 | 6d6c 2d8b | ad01 0891 | a901 40f9 
  0x000000011217b6e0: 1f00 09eb | a000 0054 | c917 00b4 | a90d 41f8 | 1f00 09eb | a1ff ff54 | ad03 5ef8 | 2d05 00b4 
  0x000000011217b700: b30d 40f9 | 7f00 13eb | c100 0054 | a811 40f9 | 0805 00b1 | 4200 0054 | a811 00f9 | 1f00 0014 
  0x000000011217b720: 7302 00b4 | b315 40f9 | 7f00 13eb | c100 0054 | a819 40f9 | 0805 00b1 | 4200 0054 | a819 00f9 
  0x000000011217b740: 1600 0014 | d300 00b4 | a805 40f9 | 0805 00b1 | 4200 0054 | a805 00f9 | 1000 0014 | a315 00f9 
  0x000000011217b760: f303 40b2 | b319 00f9 | 0c00 0014 | a815 40f9 | 7f00 08eb | c100 0054 | a819 40f9 | 0805 00b1 
  0x000000011217b780: 4200 0054 | a819 00f9 | 0400 0014 | a30d 00f9 | f303 40b2 | b311 00f9 | ade1 0091 | ad03 1ef8 
  0x000000011217b7a0: 8005 40f9 | 0004 40f9 | 000c 40f9 | 8c2d 40b9 | 8c29 0011 | ec03 0c4b | f803 03aa | 0daf 40b9 
  0x000000011217b7c0: 0d6f 2d8b | ad01 0891 | 186f 2c8b | ac01 40f9 | 1f00 0ceb | a000 0054 | 4c10 00b4 | ac0d 41f8 
  0x000000011217b7e0: 1f00 0ceb | a1ff ff54 | ad09 40b9 | 0c4b 6df8 | ac0b 00b4 | a303 5ef8 | 830a 00b4 | 6880 5c38 
  0x000000011217b800: 1f2d 00f1 | 210a 0054 | 6d00 40f9 | ad01 00d1 | bf09 00f1 | 6820 0091 | 2b09 0054 | 8d05 40f9 
  0x000000011217b820: ad5d 4079 | 6804 40f9 | ad01 08cb | ad05 00d1 | 886e 2d8b | 0d01 40f9 | ad00 00b5 | 6808 40f9 
  0x000000011217b840: 0801 40b2 | 6808 00f9 | 1500 0014 | ad09 40b9 | ad09 5cd2 | 6808 40f9 | ad01 08ca | bff5 7ef2 
  0x000000011217b860: e001 0054 | cd01 0837 | 8801 00b4 | 1f05 00f1 | 4001 0054 | ad01 08ca | 6808 40f9 | ad01 08ca 
  0x000000011217b880: bff5 7ef2 | c000 0054 | 6808 40f9 | 0801 7fb2 | 6808 00f9 | 0200 0014 | 6d08 00f9 | 6d00 40f9 
  0x000000011217b8a0: ad09 00d1 | bf09 00f1 | 6860 0091 | 8b04 0054 | 8d05 40f9 | ad5d 4079 | 680c 40f9 | ad01 08cb 
  0x000000011217b8c0: ad05 00d1 | 886e 2d8b | 0d01 40f9 | ad00 00b5 | 6810 40f9 | 0801 40b2 | 6810 00f9 | 1500 0014 
  0x000000011217b8e0: ad09 40b9 | ad09 5cd2 | 6810 40f9 | ad01 08ca | bff5 7ef2 | e001 0054 | cd01 0837 | 8801 00b4 
  0x000000011217b900: 1f05 00f1 | 4001 0054 | ad01 08ca | 6810 40f9 | ad01 08ca | bff5 7ef2 | c000 0054 | 6810 40f9 
  0x000000011217b920: 0801 7fb2 | 6810 00f9 | 0200 0014 | 6d10 00f9 | 6d00 40f9 | ad11 00d1 | 68a0 0091 | e303 08aa 
  0x000000011217b940: 630c 0d8b | a303 1ef8 | f303 0091 | b403 1ff8 | 8835 40f9 | 0001 1fd6 | c1d5 bbd4 | f846 a406 
  0x000000011217b960: 0100 0000 | b6e3 7ba9 | b86f 388b | e203 10aa | e103 03aa | b683 1bf8 | e003 1caa | 2801 0010 
  0x000000011217b980: 88d7 01f9 | 94d3 01f9 | 9ddb 01f9 | e833 bfa9 | 0896 98d2 | a8c6 a0f2 | 2800 c0f2 | 0001 3fd6 
  0x000000011217b9a0: e833 c1a8 | feff ff10 | 9fd3 01f9 | 9fdb 01f9 | 9fd7 01f9 | 8807 40f9 | a800 00b4 | 0810 90d2 
  0x000000011217b9c0: c842 a2f2 | 2800 c0f2 | 0001 1fd6 | b6e3 7ba9 | b86f 388b | c1d5 bbd4 | f846 a406 | 0100 0000 
  0x000000011217b9e0: b6e3 7ba9 | b86f 388b | e203 00aa | e103 03aa | b683 1bf8 | e003 1caa | 2801 0010 | 88d7 01f9 
  0x000000011217ba00: 94d3 01f9 | 9ddb 01f9 | e833 bfa9 | 88fc 98d2 | a8c6 a0f2 | 2800 c0f2 | 0001 3fd6 | e833 c1a8 
  0x000000011217ba20: feff ff10 | 9fd3 01f9 | 9fdb 01f9 | 9fd7 01f9 | 8807 40f9 | a800 00b4 | 0810 90d2 | c842 a2f2 
  0x000000011217ba40: 2800 c0f2 | 0001 1fd6 | b6e3 7ba9 | b86f 388b | c1d5 bbd4 | f846 a406 | 0100 0000 | 1f20 03d5 
[/MachCode]

---------------  P R O C E S S  ---------------

Threads class SMR info:
_java_thread_list=0x00000007d9a5d1c0, length=48, elements={
0x00000001009518b0, 0x00000001009687d0, 0x00000007d70b4000, 0x00000007d70b4700,
0x00000007d70b4e00, 0x00000007d70b5500, 0x00000007d70b5c00, 0x00000007d6d26000,
0x00000007d6d26800, 0x00000007d7edc000, 0x00000007d7edc700, 0x00000007d7edd500,
0x00000007d764ce00, 0x00000007d764dc00, 0x00000007d7683800, 0x00000007d76ad500,
0x00000007d76adc00, 0x00000007d76af100, 0x00000007d77fc000, 0x00000007d77fea00,
0x00000007d77ff800, 0x00000007da494700, 0x00000007da497100, 0x00000007da497800,
0x00000007da804e00, 0x00000007da805500, 0x00000007da806300, 0x00000007da806a00,
0x00000007da528700, 0x00000007da88ce00, 0x00000007daa88700, 0x00000007daa88e00,
0x00000007dae85c00, 0x00000007dae86300, 0x00000007dae87100, 0x00000007dae87800,
0x00000007dae94000, 0x00000007dae96300, 0x00000007db094700, 0x00000007db096a00,
0x00000007d77fc700, 0x00000007db5edc00, 0x00000007db8edc00, 0x00000007db8ee300,
0x00000007db8eea00, 0x00000007db8ef100, 0x00000007db8ef800, 0x00000007db797100
}

Java Threads: ( => current thread )
  0x00000001009518b0 JavaThread "main"                              [_thread_blocked, id=4099, stack(0x000000016fc00000,0x000000016fe03000) (2060K)]
  0x00000001009687d0 JavaThread "Common-Cleaner"             daemon [_thread_blocked, id=25603, stack(0x0000000170d78000,0x0000000170f7b000) (2060K)]
  0x00000007d70b4000 JavaThread "Reference Handler"          daemon [_thread_blocked, id=25859, stack(0x0000000170f84000,0x0000000171187000) (2060K)]
  0x00000007d70b4700 JavaThread "Finalizer"                  daemon [_thread_blocked, id=26115, stack(0x0000000171190000,0x0000000171393000) (2060K)]
  0x00000007d70b4e00 JavaThread "Signal Dispatcher"          daemon [_thread_blocked, id=26371, stack(0x000000017139c000,0x000000017159f000) (2060K)]
  0x00000007d70b5500 JavaThread "Service Thread"             daemon [_thread_blocked, id=29955, stack(0x00000001715a8000,0x00000001717ab000) (2060K)]
  0x00000007d70b5c00 JavaThread "Monitor Deflation Thread"   daemon [_thread_blocked, id=26627, stack(0x00000001717b4000,0x00000001719b7000) (2060K)]
  0x00000007d6d26000 JavaThread "C2 CompilerThread0"         daemon [_thread_in_native, id=27139, stack(0x00000001719c0000,0x0000000171bc3000) (2060K)]
  0x00000007d6d26800 JavaThread "C1 CompilerThread0"         daemon [_thread_in_vm, id=27395, stack(0x0000000171bcc000,0x0000000171dcf000) (2060K)]
  0x00000007d7edc000 JavaThread "process reaper (pid 90205)" daemon [_thread_in_native, id=28931, stack(0x0000000171fe4000,0x000000017201b000) (220K)]
  0x00000007d7edc700 JavaThread "DevTools: Stderr"           daemon [_thread_in_native, id=28419, stack(0x0000000172024000,0x0000000172227000) (2060K)]
  0x00000007d7edd500 JavaThread "Hot Reload Main"            daemon [_thread_blocked, id=32771, stack(0x0000000172230000,0x0000000172433000) (2060K)]
  0x00000007d764ce00 JavaThread "Orchestration IO: Writer"   daemon [_thread_blocked, id=33283, stack(0x000000017243c000,0x000000017263f000) (2060K)]
  0x00000007d764dc00 JavaThread "Orchestration IO: Reader"   daemon [_thread_blocked, id=33539, stack(0x0000000172648000,0x000000017284b000) (2060K)]
  0x00000007d7683800 JavaThread "Logger"                     daemon [_thread_blocked, id=40707, stack(0x0000000173ccc000,0x0000000173ecf000) (2060K)]
  0x00000007d76ad500 JavaThread "Notification Thread"        daemon [_thread_blocked, id=36867, stack(0x0000000173ed8000,0x00000001740db000) (2060K)]
  0x00000007d76adc00 JavaThread "Compose Runtime Analyzer"   daemon [_thread_in_Java, id=40195, stack(0x00000001740e4000,0x00000001742e7000) (2060K)]
  0x00000007d76af100 JavaThread "SentryExecutorServiceThreadFactory-0" daemon [_thread_blocked, id=37379, stack(0x00000001744fc000,0x00000001746ff000) (2060K)]
  0x00000007d77fc000 JavaThread "AWT-AppKit"                 daemon [_thread_in_native, id=259, stack(0x000000016f378000,0x000000016fb74000) (8176K)]
  0x00000007d77fea00 JavaThread "AWT-Shutdown"                      [_thread_blocked, id=65539, stack(0x00000001748ac000,0x0000000174aaf000) (2060K)]
  0x00000007d77ff800 JavaThread "JNA Cleaner"                daemon [_thread_blocked, id=27667, stack(0x0000000171dd8000,0x0000000171fdb000) (2060K)]
  0x00000007da494700 JavaThread "Cleaner-0"                  daemon [_thread_blocked, id=39691, stack(0x00000001742f0000,0x00000001744f3000) (2060K)]
  0x00000007da497100 JavaThread "echo-audio-control"         daemon [_thread_blocked, id=126723, stack(0x0000000174ed0000,0x00000001750d3000) (2060K)]
  0x00000007da497800 JavaThread "Timer-0"                    daemon [_thread_blocked, id=132611, stack(0x00000001751f4000,0x00000001753f7000) (2060K)]
  0x00000007da804e00 JavaThread "DefaultDispatcher-worker-1" daemon [_thread_blocked, id=137731, stack(0x0000000175dd4000,0x0000000175fd7000) (2060K)]
  0x00000007da805500 JavaThread "DefaultDispatcher-worker-2" daemon [_thread_blocked, id=137987, stack(0x0000000175fe0000,0x00000001761e3000) (2060K)]
  0x00000007da806300 JavaThread "DefaultDispatcher-worker-3" daemon [_thread_blocked, id=164611, stack(0x00000001761ec000,0x00000001763ef000) (2060K)]
  0x00000007da806a00 JavaThread "DefaultDispatcher-worker-4" daemon [_thread_blocked, id=164355, stack(0x00000001763f8000,0x00000001765fb000) (2060K)]
  0x00000007da528700 JavaThread "AWT-EventQueue-0"                  [_thread_blocked, id=138499, stack(0x0000000176604000,0x0000000176807000) (2060K)]
  0x00000007da88ce00 JavaThread "TimerQueue"                 daemon [_thread_blocked, id=163587, stack(0x0000000176810000,0x0000000176a13000) (2060K)]
  0x00000007daa88700 JavaThread "Java2D Queue Flusher"       daemon [_thread_blocked, id=168243, stack(0x0000000175bc8000,0x0000000175dcb000) (2060K)]
  0x00000007daa88e00 JavaThread "Java2D Disposer"            daemon [_thread_blocked, id=140291, stack(0x0000000176aa8000,0x0000000176cab000) (2060K)]
  0x00000007dae85c00 JavaThread "DefaultDispatcher-worker-5" daemon [_thread_blocked, id=141315, stack(0x00000001772d8000,0x00000001774db000) (2060K)]
  0x00000007dae86300 JavaThread "DefaultDispatcher-worker-6" daemon [_thread_in_native, id=158723, stack(0x00000001774e4000,0x00000001776e7000) (2060K)]
  0x00000007dae87100 JavaThread "DefaultDispatcher-worker-7" daemon [_thread_blocked, id=141571, stack(0x00000001776f0000,0x00000001778f3000) (2060K)]
  0x00000007dae87800 JavaThread "DefaultDispatcher-worker-8" daemon [_thread_blocked, id=142083, stack(0x00000001778fc000,0x0000000177aff000) (2060K)]
  0x00000007dae94000 JavaThread "kotlinx.coroutines.DefaultExecutor" daemon [_thread_blocked, id=142595, stack(0x0000000177b08000,0x0000000177d0b000) (2060K)]
  0x00000007dae96300 JavaThread "Reference Cleaner"          daemon [_thread_blocked, id=143363, stack(0x0000000177f20000,0x0000000178123000) (2060K)]
  0x00000007db094700 JavaThread "AWTThreading pool-1-thread-1" daemon [_thread_blocked, id=143619, stack(0x0000000177d14000,0x0000000177f17000) (2060K)]
  0x00000007db096a00 JavaThread "skiko-dispatcher-to-block-on" daemon [_thread_blocked, id=154371, stack(0x0000000178244000,0x0000000178447000) (2060K)]
  0x00000007d77fc700 JavaThread "HttpClient-1-SelectorManager" daemon [_thread_in_native, id=154923, stack(0x0000000178450000,0x0000000178653000) (2060K)]
  0x00000007db5edc00 JavaThread "skiko-dispatcher-to-block-on" daemon [_thread_blocked, id=176387, stack(0x00000001786e8000,0x00000001788eb000) (2060K)]
  0x00000007db8edc00 JavaThread "DefaultDispatcher-worker-9" daemon [_thread_blocked, id=177675, stack(0x00000001788f4000,0x0000000178af7000) (2060K)]
  0x00000007db8ee300 JavaThread "DefaultDispatcher-worker-10" daemon [_thread_blocked, id=261315, stack(0x0000000178b00000,0x0000000178d03000) (2060K)]
  0x00000007db8eea00 JavaThread "DefaultDispatcher-worker-11" daemon [_thread_blocked, id=258307, stack(0x0000000178d0c000,0x0000000178f0f000) (2060K)]
  0x00000007db8ef100 JavaThread "DefaultDispatcher-worker-12" daemon [_thread_blocked, id=178179, stack(0x0000000178f18000,0x000000017911b000) (2060K)]
  0x00000007db8ef800 JavaThread "DefaultDispatcher-worker-13" daemon [_thread_blocked, id=178691, stack(0x0000000179124000,0x0000000179327000) (2060K)]
=>0x00000007db797100 JavaThread "echo-kotlin-audio-render"   daemon [_thread_in_Java, id=159795, stack(0x00000001770cc000,0x00000001772cf000) (2060K)]
Total: 48

Other Threads:
  0x00000007d7029c00 VMThread "VM Thread"                           [id=17155, stack(0x0000000170a54000,0x0000000170c57000) (2060K)]
  0x0000000100961eb0 WatcherThread "VM Periodic Task Thread"        [id=20995, stack(0x0000000170848000,0x0000000170a4b000) (2060K)]
  0x000000010095adb0 WorkerThread "GC Thread#0"                     [id=14339, stack(0x000000016fe0c000,0x000000017000f000) (2060K)]
  0x00000007d7fd8000 WorkerThread "GC Thread#1"                     [id=33795, stack(0x0000000172854000,0x0000000172a57000) (2060K)]
  0x00000007d7fd8400 WorkerThread "GC Thread#2"                     [id=42755, stack(0x0000000172a60000,0x0000000172c63000) (2060K)]
  0x00000007d7fd8800 WorkerThread "GC Thread#3"                     [id=34563, stack(0x0000000172c6c000,0x0000000172e6f000) (2060K)]
  0x00000007d7fd8c00 WorkerThread "GC Thread#4"                     [id=42499, stack(0x0000000172e78000,0x000000017307b000) (2060K)]
  0x00000007d7fd9000 WorkerThread "GC Thread#5"                     [id=35075, stack(0x0000000173084000,0x0000000173287000) (2060K)]
  0x00000007d7fd9400 WorkerThread "GC Thread#6"                     [id=35331, stack(0x0000000173290000,0x0000000173493000) (2060K)]
  0x00000007d7fd9800 WorkerThread "GC Thread#7"                     [id=35843, stack(0x000000017349c000,0x000000017369f000) (2060K)]
  0x00000007d7fd9c00 WorkerThread "GC Thread#8"                     [id=36099, stack(0x00000001736a8000,0x00000001738ab000) (2060K)]
  0x00000007d7fda000 WorkerThread "GC Thread#9"                     [id=41475, stack(0x00000001738b4000,0x0000000173ab7000) (2060K)]
  0x00000007d7fda400 WorkerThread "GC Thread#10"                    [id=41219, stack(0x0000000173ac0000,0x0000000173cc3000) (2060K)]
  0x000000010095b630 ConcurrentGCThread "G1 Main Marker"            [id=12291, stack(0x0000000170018000,0x000000017021b000) (2060K)]
  0x000000010095c030 WorkerThread "G1 Conc#0"                       [id=13571, stack(0x0000000170224000,0x0000000170427000) (2060K)]
  0x00000007da762c00 WorkerThread "G1 Conc#1"                       [id=161027, stack(0x0000000176cb4000,0x0000000176eb7000) (2060K)]
  0x00000007da763c00 WorkerThread "G1 Conc#2"                       [id=136207, stack(0x0000000175698000,0x000000017589b000) (2060K)]
  0x00000007d7014f00 ConcurrentGCThread "G1 Refine#0"               [id=13315, stack(0x0000000170430000,0x0000000170633000) (2060K)]
  0x00000007d7028800 ConcurrentGCThread "G1 Service"                [id=21507, stack(0x000000017063c000,0x000000017083f000) (2060K)]
Total: 19

Threads with active compile tasks:
C2 CompilerThread0  303481 21073 %     4       org.objectweb.asm.ClassReader::readCode @ 2037 (5117 bytes)
C1 CompilerThread0  303482 21502       2       jdk.internal.util.ArraysSupport::signedHashCode (37 bytes)
Total: 2

VM state: not at safepoint (normal execution)

VM Mutex/Monitor currently owned by a thread: None

Heap address: 0x0000000ad6800000, size: 9216 MB, Compressed Oops mode: Non-zero based: 0x0000000ad6000000, Oop shift amount: 3

CDS archive(s) mapped at: [0x0000007000000000-0x0000007001c64000-0x0000007001c64000), size 29769728, SharedBaseAddress: 0x0000007000000000, ArchiveRelocationMode: 1.
Compressed class space mapped at: 0x0000007002000000-0x0000007042000000, reserved size: 1073741824
Narrow klass base: 0x0000007000000000, Narrow klass shift: 0, Narrow klass range: 0x100000000

GC Precious Log:
 CardTable entry size: 512
 Card Set container configuration: InlinePtr #cards 4 size 8 Array Of Cards #cards 64 size 144 Howl #buckets 8 coarsen threshold 14745 Howl Bitmap #cards 2048 size 272 coarsen threshold 1843 Card regions per heap region 1 cards per card region 16384
 CPUs: 14 total, 14 available
 Memory: 36864M
 Large Page Support: Disabled
 NUMA Support: Disabled
 Compressed Oops: Enabled (Non-zero based)
 Heap Region Size: 8M
 Heap Min Capacity: 8M
 Heap Initial Capacity: 576M
 Heap Max Capacity: 9G
 Pre-touch: Disabled
 Parallel Workers: 11
 Concurrent Workers: 3
 Concurrent Refinement Workers: 11
 Periodic GC: Disabled

Heap:
 garbage-first heap   total 196608K, used 53232K [0x0000000ad6800000, 0x0000000d16800000)
  region size 8192K, 1 young (8192K), 0 survivors (0K)
 Metaspace       used 71707K, committed 72896K, reserved 1114112K
  class space    used 7837K, committed 8320K, reserved 1048576K

Heap Regions: E=young(eden), S=young(survivor), O=old, HS=humongous(starts), HC=humongous(continues), CS=collection set, F=free, TAMS=top-at-mark-start, PB=parsable bottom
|   0|0x0000000ad6800000, 0x0000000ad7000000, 0x0000000ad7000000|100%| O|  |TAMS 0x0000000ad6800000| PB 0x0000000ad6800000| Untracked 
|   1|0x0000000ad7000000, 0x0000000ad77fffc0, 0x0000000ad7800000| 99%| O|  |TAMS 0x0000000ad7000000| PB 0x0000000ad7000000| Untracked 
|   2|0x0000000ad7800000, 0x0000000ad7fc5bc8, 0x0000000ad8000000| 97%| O|  |TAMS 0x0000000ad7800000| PB 0x0000000ad7800000| Untracked 
|   3|0x0000000ad8000000, 0x0000000ad8800000, 0x0000000ad8800000|100%| O|  |TAMS 0x0000000ad8000000| PB 0x0000000ad8000000| Untracked 
|   4|0x0000000ad8800000, 0x0000000ad9000000, 0x0000000ad9000000|100%| O|  |TAMS 0x0000000ad8800000| PB 0x0000000ad8800000| Untracked 
|   5|0x0000000ad9000000, 0x0000000ad97ffff0, 0x0000000ad9800000| 99%| O|  |TAMS 0x0000000ad9000000| PB 0x0000000ad9000000| Untracked 
|   6|0x0000000ad9800000, 0x0000000ad9970700, 0x0000000ada000000| 17%| O|  |TAMS 0x0000000ad9800000| PB 0x0000000ad9800000| Untracked 
|   7|0x0000000ada000000, 0x0000000ada2c60d8, 0x0000000ada800000| 34%| O|  |TAMS 0x0000000ada000000| PB 0x0000000ada000000| Untracked 
|   8|0x0000000ada800000, 0x0000000ada800000, 0x0000000adb000000|  0%| F|  |TAMS 0x0000000ada800000| PB 0x0000000ada800000| Untracked 
|   9|0x0000000adb000000, 0x0000000adb000000, 0x0000000adb800000|  0%| F|  |TAMS 0x0000000adb000000| PB 0x0000000adb000000| Untracked 
|  10|0x0000000adb800000, 0x0000000adb800000, 0x0000000adc000000|  0%| F|  |TAMS 0x0000000adb800000| PB 0x0000000adb800000| Untracked 
|  11|0x0000000adc000000, 0x0000000adc000000, 0x0000000adc800000|  0%| F|  |TAMS 0x0000000adc000000| PB 0x0000000adc000000| Untracked 
|  12|0x0000000adc800000, 0x0000000adc800000, 0x0000000add000000|  0%| F|  |TAMS 0x0000000adc800000| PB 0x0000000adc800000| Untracked 
|  13|0x0000000add000000, 0x0000000add000000, 0x0000000add800000|  0%| F|  |TAMS 0x0000000add000000| PB 0x0000000add000000| Untracked 
|  14|0x0000000add800000, 0x0000000add800000, 0x0000000ade000000|  0%| F|  |TAMS 0x0000000add800000| PB 0x0000000add800000| Untracked 
|  15|0x0000000ade000000, 0x0000000ade000000, 0x0000000ade800000|  0%| F|  |TAMS 0x0000000ade000000| PB 0x0000000ade000000| Untracked 
|  16|0x0000000ade800000, 0x0000000ade800000, 0x0000000adf000000|  0%| F|  |TAMS 0x0000000ade800000| PB 0x0000000ade800000| Untracked 
|  17|0x0000000adf000000, 0x0000000adf000000, 0x0000000adf800000|  0%| F|  |TAMS 0x0000000adf000000| PB 0x0000000adf000000| Untracked 
|  18|0x0000000adf800000, 0x0000000adf800000, 0x0000000ae0000000|  0%| F|  |TAMS 0x0000000adf800000| PB 0x0000000adf800000| Untracked 
|  19|0x0000000ae0000000, 0x0000000ae0000000, 0x0000000ae0800000|  0%| F|  |TAMS 0x0000000ae0000000| PB 0x0000000ae0000000| Untracked 
|  20|0x0000000ae0800000, 0x0000000ae0800000, 0x0000000ae1000000|  0%| F|  |TAMS 0x0000000ae0800000| PB 0x0000000ae0800000| Untracked 
|  41|0x0000000aeb000000, 0x0000000aeb000000, 0x0000000aeb800000|  0%| F|  |TAMS 0x0000000aeb000000| PB 0x0000000aeb000000| Untracked 
|  66|0x0000000af7800000, 0x0000000af7800000, 0x0000000af8000000|  0%| F|  |TAMS 0x0000000af7800000| PB 0x0000000af7800000| Untracked 
|1151|0x0000000d16000000, 0x0000000d162d7cf8, 0x0000000d16800000| 35%| E|  |TAMS 0x0000000d16000000| PB 0x0000000d16000000| Complete 

Card table byte_map: [0x000000011ae34000,0x000000011c034000] _byte_map_base: 0x0000000115780000

Marking Bits: (CMBitMap*) 0x00000007d7014a10
 Bits: [0x000000011c034000, 0x0000000125034000)

Polling page: 0x00000001002b4000

Metaspace:

Usage:
  Non-class:     62.37 MB used.
      Class:      7.65 MB used.
       Both:     70.03 MB used.

Virtual space:
  Non-class space:       64.00 MB reserved,      63.06 MB ( 99%) committed,  1 nodes.
      Class space:        1.00 GB reserved,       8.12 MB ( <1%) committed,  1 nodes.
             Both:        1.06 GB reserved,      71.19 MB (  7%) committed. 

Chunk freelists:
   Non-Class:  544.00 KB
       Class:  7.77 MB
        Both:  8.30 MB

MaxMetaspaceSize: unlimited
CompressedClassSpaceSize: 1.00 GB
Initial GC threshold: 21.00 MB
Current GC threshold: 118.69 MB
CDS: on
 - commit_granule_bytes: 65536.
 - commit_granule_words: 8192.
 - virtual_space_node_default_size: 8388608.
 - enlarge_chunks_in_place: 1.
 - use_allocation_guard: 0.


Internal statistics:

num_allocs_failed_limit: 15.
num_arena_births: 1776.
num_arena_deaths: 0.
num_vsnodes_births: 2.
num_vsnodes_deaths: 0.
num_space_committed: 1139.
num_space_uncommitted: 0.
num_chunks_returned_to_freelist: 15.
num_chunks_taken_from_freelist: 4443.
num_chunk_merges: 9.
num_chunk_splits: 3081.
num_chunks_enlarged: 2291.
num_inconsistent_stats: 0.

CodeHeap 'non-profiled nmethods': size=120032Kb used=4427Kb max_used=11868Kb free=115604Kb
 bounds [0x00000001126fc000, 0x000000011329c000, 0x0000000119c34000]
CodeHeap 'profiled nmethods': size=120016Kb used=3569Kb max_used=21093Kb free=116446Kb
 bounds [0x000000010ac34000, 0x000000010c0d4000, 0x0000000112168000]
CodeHeap 'non-nmethods': size=5712Kb used=3117Kb max_used=3225Kb free=2594Kb
 bounds [0x0000000112168000, 0x0000000112498000, 0x00000001126fc000]
CodeCache: size=245760Kb, used=11113Kb, max_used=36186Kb, free=234644Kb
 total_blobs=5215, nmethods=2818, adapters=2305, full_count=0
Compilation: enabled, stopped_count=0, restarted_count=0

Compilation events (20 events):
Event: 303.342 Thread 0x00000007d6d26800 nmethod 21040 0x000000010b4c2790 code [0x000000010b4c29c0, 0x000000010b4c2e78]
Event: 303.342 Thread 0x00000007d6d26800 21041       2       java.io.ByteArrayOutputStream::<init> (7 bytes)
Event: 303.342 Thread 0x00000007d6d26800 nmethod 21041 0x000000010b6f7590 code [0x000000010b6f7740, 0x000000010b6f7898]
Event: 303.342 Thread 0x00000007d6d26800 20973       3       java.io.DataOutputStream::writeInt (28 bytes)
Event: 303.342 Thread 0x00000007d6d26800 nmethod 20973 0x000000010b3ae910 code [0x000000010b3aeb80, 0x000000010b3af378]
Event: 303.343 Thread 0x00000007d6d26800 21042       2       java.lang.AbstractStringBuilder::appendChars (207 bytes)
Event: 303.343 Thread 0x00000007d6d26800 nmethod 21042 0x000000010b127410 code [0x000000010b127640, 0x000000010b127d18]
Event: 303.343 Thread 0x00000007d6d26800 21020       3       jdk.internal.jimage.ImageLocation::verifyName (161 bytes)
Event: 303.343 Thread 0x00000007d6d26000 nmethod 20923% 0x0000000112c30090 code [0x0000000112c30240, 0x0000000112c305d0]
Event: 303.343 Thread 0x00000007d6d26000 21038       4       java.io.DataInputStream::readUTF (501 bytes)
Event: 303.343 Thread 0x00000007d6d26800 nmethod 21020 0x000000010b861490 code [0x000000010b8618c0, 0x000000010b862e48]
Event: 303.349 Thread 0x00000007d6d26000 nmethod 21038 0x000000011291e010 code [0x000000011291e280, 0x000000011291f2f0]
Event: 303.466 Thread 0x00000007d6d26800 21050       2       sun.nio.ch.IOStatus::normalize (10 bytes)
Event: 303.466 Thread 0x00000007d6d26000 20956 %     4       java.util.HashMap::resize @ 151 (356 bytes)
Event: 303.466 Thread 0x00000007d6d26800 nmethod 21050 0x000000010ae29890 code [0x000000010ae29a00, 0x000000010ae29b08]
Event: 303.466 Thread 0x00000007d6d26800 21052       2       org.objectweb.asm.tree.Util::asArrayList (57 bytes)
Event: 303.467 Thread 0x00000007d6d26800 nmethod 21052 0x000000010aebff90 code [0x000000010aec0180, 0x000000010aec05f8]
Event: 303.467 Thread 0x00000007d6d26800 21129       2       java.lang.StringLatin1::equals (36 bytes)
Event: 303.467 Thread 0x00000007d6d26800 nmethod 21129 0x000000010adf7590 code [0x000000010adf7740, 0x000000010adf7920]
Event: 303.467 Thread 0x00000007d6d26800 21114       2       org.jetbrains.compose.reload.analysis.InternerKt::interned (17 bytes)

GC Heap History (20 events):
Event: 61.579 GC heap before
{Heap before GC invocations=22 (full 1):
 garbage-first heap   total 196608K, used 53438K [0x0000000ad6800000, 0x0000000d16800000)
  region size 8192K, 2 young (16384K), 1 survivors (8192K)
 Metaspace       used 68949K, committed 70144K, reserved 1114112K
  class space    used 7677K, committed 8192K, reserved 1048576K
}
Event: 61.630 GC heap after
{Heap after GC invocations=23 (full 2):
 garbage-first heap   total 196608K, used 50786K [0x0000000ad6800000, 0x0000000d16800000)
  region size 8192K, 0 young (0K), 0 survivors (0K)
 Metaspace       used 68949K, committed 70144K, reserved 1114112K
  class space    used 7677K, committed 8192K, reserved 1048576K
}
Event: 91.633 GC heap before
{Heap before GC invocations=23 (full 2):
 garbage-first heap   total 196608K, used 91746K [0x0000000ad6800000, 0x0000000d16800000)
  region size 8192K, 6 young (49152K), 0 survivors (0K)
 Metaspace       used 68957K, committed 70144K, reserved 1114112K
  class space    used 7677K, committed 8192K, reserved 1048576K
}
Event: 91.682 GC heap after
{Heap after GC invocations=24 (full 3):
 garbage-first heap   total 196608K, used 51404K [0x0000000ad6800000, 0x0000000d16800000)
  region size 8192K, 0 young (0K), 0 survivors (0K)
 Metaspace       used 68957K, committed 70144K, reserved 1114112K
  class space    used 7677K, committed 8192K, reserved 1048576K
}
Event: 121.686 GC heap before
{Heap before GC invocations=24 (full 3):
 garbage-first heap   total 196608K, used 92364K [0x0000000ad6800000, 0x0000000d16800000)
  region size 8192K, 6 young (49152K), 0 survivors (0K)
 Metaspace       used 69036K, committed 70144K, reserved 1114112K
  class space    used 7681K, committed 8192K, reserved 1048576K
}
Event: 121.718 GC heap after
{Heap after GC invocations=25 (full 4):
 garbage-first heap   total 196608K, used 51415K [0x0000000ad6800000, 0x0000000d16800000)
  region size 8192K, 0 young (0K), 0 survivors (0K)
 Metaspace       used 69036K, committed 70144K, reserved 1114112K
  class space    used 7681K, committed 8192K, reserved 1048576K
}
Event: 151.719 GC heap before
{Heap before GC invocations=25 (full 4):
 garbage-first heap   total 196608K, used 116951K [0x0000000ad6800000, 0x0000000d16800000)
  region size 8192K, 9 young (73728K), 0 survivors (0K)
 Metaspace       used 69466K, committed 70656K, reserved 1114112K
  class space    used 7734K, committed 8256K, reserved 1048576K
}
Event: 151.752 GC heap after
{Heap after GC invocations=26 (full 5):
 garbage-first heap   total 196608K, used 52217K [0x0000000ad6800000, 0x0000000d16800000)
  region size 8192K, 0 young (0K), 0 survivors (0K)
 Metaspace       used 69466K, committed 70656K, reserved 1114112K
  class space    used 7734K, committed 8256K, reserved 1048576K
}
Event: 181.756 GC heap before
{Heap before GC invocations=26 (full 5):
 garbage-first heap   total 196608K, used 117753K [0x0000000ad6800000, 0x0000000d16800000)
  region size 8192K, 9 young (73728K), 0 survivors (0K)
 Metaspace       used 69508K, committed 70656K, reserved 1114112K
  class space    used 7734K, committed 8256K, reserved 1048576K
}
Event: 181.810 GC heap after
{Heap after GC invocations=27 (full 6):
 garbage-first heap   total 196608K, used 52094K [0x0000000ad6800000, 0x0000000d16800000)
  region size 8192K, 0 young (0K), 0 survivors (0K)
 Metaspace       used 69508K, committed 70656K, reserved 1114112K
  class space    used 7734K, committed 8256K, reserved 1048576K
}
Event: 211.815 GC heap before
{Heap before GC invocations=27 (full 6):
 garbage-first heap   total 196608K, used 93054K [0x0000000ad6800000, 0x0000000d16800000)
  region size 8192K, 6 young (49152K), 0 survivors (0K)
 Metaspace       used 69511K, committed 70656K, reserved 1114112K
  class space    used 7734K, committed 8256K, reserved 1048576K
}
Event: 211.863 GC heap after
{Heap after GC invocations=28 (full 7):
 garbage-first heap   total 196608K, used 51960K [0x0000000ad6800000, 0x0000000d16800000)
  region size 8192K, 0 young (0K), 0 survivors (0K)
 Metaspace       used 69511K, committed 70656K, reserved 1114112K
  class space    used 7734K, committed 8256K, reserved 1048576K
}
Event: 241.867 GC heap before
{Heap before GC invocations=28 (full 7):
 garbage-first heap   total 196608K, used 92920K [0x0000000ad6800000, 0x0000000d16800000)
  region size 8192K, 6 young (49152K), 0 survivors (0K)
 Metaspace       used 69511K, committed 70656K, reserved 1114112K
  class space    used 7734K, committed 8256K, reserved 1048576K
}
Event: 241.913 GC heap after
{Heap after GC invocations=29 (full 8):
 garbage-first heap   total 196608K, used 51963K [0x0000000ad6800000, 0x0000000d16800000)
  region size 8192K, 0 young (0K), 0 survivors (0K)
 Metaspace       used 69511K, committed 70656K, reserved 1114112K
  class space    used 7734K, committed 8256K, reserved 1048576K
}
Event: 271.916 GC heap before
{Heap before GC invocations=29 (full 8):
 garbage-first heap   total 196608K, used 109307K [0x0000000ad6800000, 0x0000000d16800000)
  region size 8192K, 8 young (65536K), 0 survivors (0K)
 Metaspace       used 70249K, committed 71424K, reserved 1114112K
  class space    used 7807K, committed 8320K, reserved 1048576K
}
Event: 271.949 GC heap after
{Heap after GC invocations=30 (full 9):
 garbage-first heap   total 196608K, used 52335K [0x0000000ad6800000, 0x0000000d16800000)
  region size 8192K, 0 young (0K), 0 survivors (0K)
 Metaspace       used 70249K, committed 71424K, reserved 1114112K
  class space    used 7807K, committed 8320K, reserved 1048576K
}
Event: 301.954 GC heap before
{Heap before GC invocations=30 (full 9):
 garbage-first heap   total 196608K, used 101487K [0x0000000ad6800000, 0x0000000d16800000)
  region size 8192K, 7 young (57344K), 0 survivors (0K)
 Metaspace       used 70390K, committed 71552K, reserved 1114112K
  class space    used 7807K, committed 8320K, reserved 1048576K
}
Event: 301.985 GC heap after
{Heap after GC invocations=31 (full 10):
 garbage-first heap   total 196608K, used 52327K [0x0000000ad6800000, 0x0000000d16800000)
  region size 8192K, 0 young (0K), 0 survivors (0K)
 Metaspace       used 70390K, committed 71552K, reserved 1114112K
  class space    used 7807K, committed 8320K, reserved 1048576K
}
Event: 303.428 GC heap before
{Heap before GC invocations=31 (full 10):
 garbage-first heap   total 196608K, used 76903K [0x0000000ad6800000, 0x0000000d16800000)
  region size 8192K, 4 young (32768K), 0 survivors (0K)
 Metaspace       used 71707K, committed 72896K, reserved 1114112K
  class space    used 7837K, committed 8320K, reserved 1048576K
}
Event: 303.466 GC heap after
{Heap after GC invocations=32 (full 11):
 garbage-first heap   total 196608K, used 53232K [0x0000000ad6800000, 0x0000000d16800000)
  region size 8192K, 0 young (0K), 0 survivors (0K)
 Metaspace       used 71707K, committed 72896K, reserved 1114112K
  class space    used 7837K, committed 8320K, reserved 1048576K
}

Dll operation events (20 events):
Event: 0.807 Loaded shared library /Users/anthony/Library/Caches/JNA/temp/jna8831089576075751089.tmp
Event: 1.245 Loaded shared library /Users/anthony/Library/Java/JavaVirtualMachines/jbr-21.0.11/Contents/Home/lib/libprefs.dylib
Event: 1.406 Loaded shared library /Users/anthony/Library/Java/JavaVirtualMachines/jbr-21.0.11/Contents/Home/lib/libosx.dylib
Event: 1.489 Loaded shared library /Users/anthony/Library/Java/JavaVirtualMachines/jbr-21.0.11/Contents/Home/lib/libosxui.dylib
Event: 1.527 Loaded shared library /Users/anthony/.skiko/skiko-macos-arm64-f7676395835316696f9b2a762705c307cbdd703545a02fc1b1154a13df96fb64/libskiko-macos-arm64.dylib
Event: 1.751 Loading shared library /Users/anthony/Library/Java/JavaVirtualMachines/jbr-21.0.11/Contents/Home/lib/libnucleus_ssl.dylib failed, dlopen(/Users/anthony/Library/Java/JavaVirtualMachines/jbr-21.0.11/Contents/Home/lib/libnucleus_ssl.dylib, 0x0001): tried: '/
Event: 1.751 Loading shared library /Users/anthony/Library/Java/JavaVirtualMachines/jbr-21.0.11/Contents/Home/lib/libnucleus_ssl.jnilib failed, dlopen(/Users/anthony/Library/Java/JavaVirtualMachines/jbr-21.0.11/Contents/Home/lib/libnucleus_ssl.jnilib, 0x0001): tried: 
Event: 1.751 Loading shared library /Users/anthony/Library/Java/Extensions/libnucleus_ssl.dylib failed, dlopen(/Users/anthony/Library/Java/Extensions/libnucleus_ssl.dylib, 0x0001): tried: '/Users/anthony/Library/Java/Extensions/libnucleus_ssl.dylib' (no such file), '/
Event: 1.751 Loading shared library /Users/anthony/Library/Java/Extensions/libnucleus_ssl.jnilib failed, dlopen(/Users/anthony/Library/Java/Extensions/libnucleus_ssl.jnilib, 0x0001): tried: '/Users/anthony/Library/Java/Extensions/libnucleus_ssl.jnilib' (no such file),
Event: 1.751 Loading shared library /Library/Java/Extensions/libnucleus_ssl.dylib failed, dlopen(/Library/Java/Extensions/libnucleus_ssl.dylib, 0x0001): tried: '/Library/Java/Extensions/libnucleus_ssl.dylib' (no such file), '/System/Volumes/Preboot/Cryptexes/OS/Librar
Event: 1.751 Loading shared library /Library/Java/Extensions/libnucleus_ssl.jnilib failed, dlopen(/Library/Java/Extensions/libnucleus_ssl.jnilib, 0x0001): tried: '/Library/Java/Extensions/libnucleus_ssl.jnilib' (no such file), '/System/Volumes/Preboot/Cryptexes/OS/Lib
Event: 1.751 Loading shared library /Network/Library/Java/Extensions/libnucleus_ssl.dylib failed, dlopen(/Network/Library/Java/Extensions/libnucleus_ssl.dylib, 0x0001): tried: '/Network/Library/Java/Extensions/libnucleus_ssl.dylib' (no such file), '/System/Volumes/Pre
Event: 1.751 Loading shared library /Network/Library/Java/Extensions/libnucleus_ssl.jnilib failed, dlopen(/Network/Library/Java/Extensions/libnucleus_ssl.jnilib, 0x0001): tried: '/Network/Library/Java/Extensions/libnucleus_ssl.jnilib' (no such file), '/System/Volumes/
Event: 1.751 Loading shared library /System/Library/Java/Extensions/libnucleus_ssl.dylib failed, dlopen(/System/Library/Java/Extensions/libnucleus_ssl.dylib, 0x0001): tried: '/System/Library/Java/Extensions/libnucleus_ssl.dylib' (no such file), '/System/Volumes/Preboo
Event: 1.751 Loading shared library /System/Library/Java/Extensions/libnucleus_ssl.jnilib failed, dlopen(/System/Library/Java/Extensions/libnucleus_ssl.jnilib, 0x0001): tried: '/System/Library/Java/Extensions/libnucleus_ssl.jnilib' (no such file), '/System/Volumes/Pre
Event: 1.751 Loading shared library /usr/lib/java/libnucleus_ssl.dylib failed, dlopen(/usr/lib/java/libnucleus_ssl.dylib, 0x0001): tried: '/usr/lib/java/libnucleus_ssl.dylib' (no such file), '/System/Volumes/Preboot/Cryptexes/OS/usr/lib/java/libnucleus_ssl.dylib' (no 
Event: 1.752 Loading shared library /usr/lib/java/libnucleus_ssl.jnilib failed, dlopen(/usr/lib/java/libnucleus_ssl.jnilib, 0x0001): tried: '/usr/lib/java/libnucleus_ssl.jnilib' (no such file), '/System/Volumes/Preboot/Cryptexes/OS/usr/lib/java/libnucleus_ssl.jnilib' 
Event: 1.752 Loading shared library /Users/anthony/IdeaProjects/Amethyst/composeApp/libnucleus_ssl.dylib failed, dlopen(/Users/anthony/IdeaProjects/Amethyst/composeApp/libnucleus_ssl.dylib, 0x0001): tried: '/Users/anthony/IdeaProjects/Amethyst/composeApp/libnucleus_ss
Event: 1.752 Loading shared library /Users/anthony/IdeaProjects/Amethyst/composeApp/libnucleus_ssl.jnilib failed, dlopen(/Users/anthony/IdeaProjects/Amethyst/composeApp/libnucleus_ssl.jnilib, 0x0001): tried: '/Users/anthony/IdeaProjects/Amethyst/composeApp/libnucleus_
Event: 1.758 Loaded shared library /Users/anthony/Library/Caches/nucleus/native/darwin-aarch64/libnucleus_ssl.dylib

Deoptimization events (20 events):
Event: 303.466 Thread 0x00000007d76adc00 DEOPT PACKING pc=0x000000011283d330 sp=0x00000001742e5ed0
Event: 303.466 Thread 0x00000007d76adc00 DEOPT UNPACKING pc=0x00000001121aae7c sp=0x00000001742e5b70 mode 0
Event: 303.466 Thread 0x00000007d77ff800 DEOPT PACKING pc=0x000000010c09f88c sp=0x0000000171fda770
Event: 303.466 Thread 0x00000007d76adc00 DEOPT PACKING pc=0x0000000112723140 sp=0x00000001742e5f10
Event: 303.466 Thread 0x00000007d77ff800 DEOPT UNPACKING pc=0x00000001121aae7c sp=0x0000000171fda440 mode 0
Event: 303.466 Thread 0x00000007d76adc00 DEOPT UNPACKING pc=0x00000001121aae7c sp=0x00000001742e5ba0 mode 0
Event: 303.466 Thread 0x00000007d77ff800 DEOPT PACKING pc=0x0000000112cbe2ac sp=0x0000000171fda970
Event: 303.466 Thread 0x00000007d77ff800 DEOPT UNPACKING pc=0x00000001121aae7c sp=0x0000000171fda570 mode 0
Event: 303.466 Thread 0x00000007d76adc00 DEOPT PACKING pc=0x0000000112723140 sp=0x00000001742e5f50
Event: 303.466 Thread 0x00000007d76adc00 DEOPT UNPACKING pc=0x00000001121aae7c sp=0x00000001742e5be0 mode 0
Event: 303.466 Thread 0x00000007d76adc00 DEOPT PACKING pc=0x000000010ae2a274 sp=0x00000001742e5f90
Event: 303.466 Thread 0x00000007d76adc00 DEOPT UNPACKING pc=0x00000001121aae7c sp=0x00000001742e5ce0 mode 0
Event: 303.467 Thread 0x00000001009687d0 DEOPT PACKING pc=0x000000010c09f88c sp=0x0000000170f7a640
Event: 303.467 Thread 0x00000001009687d0 DEOPT UNPACKING pc=0x00000001121aae7c sp=0x0000000170f7a310 mode 0
Event: 303.467 Thread 0x00000001009687d0 DEOPT PACKING pc=0x0000000112cbe2ac sp=0x0000000170f7a840
Event: 303.467 Thread 0x00000001009687d0 DEOPT UNPACKING pc=0x00000001121aae7c sp=0x0000000170f7a440 mode 0
Event: 303.467 Thread 0x00000007dae96300 DEOPT PACKING pc=0x000000010c09f88c sp=0x00000001781226d0
Event: 303.467 Thread 0x00000007dae96300 DEOPT UNPACKING pc=0x00000001121aae7c sp=0x00000001781223a0 mode 0
Event: 303.467 Thread 0x00000007dae96300 DEOPT PACKING pc=0x0000000112cbe2ac sp=0x00000001781228d0
Event: 303.467 Thread 0x00000007dae96300 DEOPT UNPACKING pc=0x00000001121aae7c sp=0x00000001781224d0 mode 0

Classes loaded (20 events):
Event: 6.303 Loading class sun/awt/event/KeyEventProcessing
Event: 6.303 Loading class sun/awt/event/KeyEventProcessing done
Event: 6.303 Loading class sun/awt/DebugSettings
Event: 6.304 Loading class sun/awt/DebugSettings done
Event: 6.307 Loading class javax/swing/JComponent$KeyboardState
Event: 6.307 Loading class javax/swing/JComponent$KeyboardState done
Event: 6.307 Loading class javax/swing/JComponent$IntVector
Event: 6.307 Loading class javax/swing/JComponent$IntVector done
Event: 6.308 Loading class javax/swing/Popup$HeavyWeightWindow
Event: 6.308 Loading class sun/awt/ModalExclude
Event: 6.308 Loading class sun/awt/ModalExclude done
Event: 6.308 Loading class javax/swing/JWindow
Event: 6.308 Loading class javax/swing/JWindow done
Event: 6.308 Loading class javax/swing/Popup$HeavyWeightWindow done
Event: 10.138 Loading class javax/swing/plaf/basic/BasicSplitPaneDivider
Event: 10.138 Loading class javax/swing/plaf/basic/BasicSplitPaneDivider done
Event: 144.777 Loading class com/apple/eawt/event/GestureHandler$PerComponentNotifier
Event: 144.778 Loading class com/apple/eawt/event/GestureHandler$PerComponentNotifier done
Event: 150.980 Loading class jdk/internal/math/FormattedFPDecimal
Event: 150.980 Loading class jdk/internal/math/FormattedFPDecimal done

Classes unloaded (0 events):
No events

Classes redefined (20 events):
Event: 303.368 Thread 0x00000007d7029c00 redefined class name=dev.anthonyhfm.amethyst.devices.effects.flip.FlipChainDevice, count=1
Event: 303.368 Thread 0x00000007d7029c00 redefined class name=dev.anthonyhfm.amethyst.devices.effects.delay.DelayChainDevice, count=1
Event: 303.368 Thread 0x00000007d7029c00 redefined class name=dev.anthonyhfm.amethyst.devices.effects.copy.CopyChainDevice, count=1
Event: 303.368 Thread 0x00000007d7029c00 redefined class name=dev.anthonyhfm.amethyst.devices.effects.coordinate_filter.CoordinateFilterChainDevice, count=1
Event: 303.368 Thread 0x00000007d7029c00 redefined class name=dev.anthonyhfm.amethyst.devices.effects.composition.CompositionChainDevice, count=1
Event: 303.368 Thread 0x00000007d7029c00 redefined class name=dev.anthonyhfm.amethyst.devices.effects.color_filter.ColorFilterChainDevice, count=1
Event: 303.368 Thread 0x00000007d7029c00 redefined class name=dev.anthonyhfm.amethyst.devices.effects.color.ColorChainDevice, count=1
Event: 303.368 Thread 0x00000007d7029c00 redefined class name=dev.anthonyhfm.amethyst.devices.effects.clear.ClearChainDevice, count=1
Event: 303.368 Thread 0x00000007d7029c00 redefined class name=dev.anthonyhfm.amethyst.devices.effects.choke.ChokeChainDevice, count=1
Event: 303.368 Thread 0x00000007d7029c00 redefined class name=dev.anthonyhfm.amethyst.devices.effects.blur.BlurChainDevice, count=1
Event: 303.368 Thread 0x00000007d7029c00 redefined class name=dev.anthonyhfm.amethyst.devices.effects.adjust.AdjustChainDeviceState$$serializer, count=1
Event: 303.368 Thread 0x00000007d7029c00 redefined class name=dev.anthonyhfm.amethyst.devices.effects.adjust.AdjustChainDeviceState$Companion, count=1
Event: 303.368 Thread 0x00000007d7029c00 redefined class name=dev.anthonyhfm.amethyst.devices.effects.adjust.AdjustChainDeviceState, count=1
Event: 303.368 Thread 0x00000007d7029c00 redefined class name=dev.anthonyhfm.amethyst.devices.effects.adjust.AdjustChainDevice$Companion, count=1
Event: 303.368 Thread 0x00000007d7029c00 redefined class name=dev.anthonyhfm.amethyst.devices.effects.adjust.AdjustChainDevice, count=1
Event: 303.368 Thread 0x00000007d7029c00 redefined class name=dev.anthonyhfm.amethyst.devices.effects.offset.OffsetChainDevice, count=1
Event: 303.368 Thread 0x00000007d7029c00 redefined class name=dev.anthonyhfm.amethyst.devices.effects.opacity.OpacityChainDevice, count=1
Event: 303.368 Thread 0x00000007d7029c00 redefined class name=dev.anthonyhfm.amethyst.devices.effects.pianoroll.PianoRollChainDevice, count=1
Event: 303.368 Thread 0x00000007d7029c00 redefined class name=dev.anthonyhfm.amethyst.devices.effects.rotate.RotateChainDevice, count=1
Event: 303.368 Thread 0x00000007d7029c00 redefined class name=dev.anthonyhfm.amethyst.devices.effects.shift.ShiftChainDevice, count=1

Internal exceptions (20 events):
Event: 33.429 Thread 0x00000007da528700 Implicit null exception at 0x00000001127aede4 to 0x00000001127afcf4
Event: 37.176 Thread 0x00000007da528700 Exception <a 'java/lang/NoSuchMethodError'{0x0000000ae0de9f18}: 'java.lang.Object java.lang.invoke.DirectMethodHandle$Holder.newInvokeSpecial(java.lang.Object, java.lang.Object, int, java.lang.Object, java.lang.Object, java.lang.Object)'> (0x0000000ae0de9f18) 
thrown [src/hotspot/share/interpreter/linkResolver.cpp, line 784]
Event: 37.177 Thread 0x00000007da528700 Exception <a 'java/lang/NoSuchMethodError'{0x0000000ae0df18e8}: 'java.lang.Object java.lang.invoke.Invokers$Holder.linkToTargetMethod(java.lang.Object, int, java.lang.Object, java.lang.Object, java.lang.Object, java.lang.Object)'> (0x0000000ae0df18e8) 
thrown [src/hotspot/share/interpreter/linkResolver.cpp, line 784]
Event: 37.193 Thread 0x00000007da528700 Exception <a 'java/lang/NoSuchMethodError'{0x0000000ae043a3d0}: 'java.lang.Object java.lang.invoke.DirectMethodHandle$Holder.invokeStatic(java.lang.Object, java.lang.Object, java.lang.Object, float, float)'> (0x0000000ae043a3d0) 
thrown [src/hotspot/share/interpreter/linkResolver.cpp, line 784]
Event: 37.194 Thread 0x00000007da528700 Exception <a 'java/lang/NoSuchMethodError'{0x0000000ae047bf00}: 'java.lang.Object java.lang.invoke.DirectMethodHandle$Holder.newInvokeSpecial(java.lang.Object, java.lang.Object, java.lang.Object, java.lang.Object, java.lang.Object, java.lang.Object, java.lang.Object, java.lang.Object, int)'> (0x0000000ae047bf00) 
thrown [src/hotspot/share/interpreter/linkResolver.cpp, line 784]
Event: 37.194 Thread 0x00000007da528700 Exception <a 'java/lang/NoSuchMethodError'{0x0000000ae0480ad8}: 'java.lang.Object java.lang.invoke.DirectMethodHandle$Holder.invokeSpecial(java.lang.Object, java.lang.Object, java.lang.Object, java.lang.Object, java.lang.Object, java.lang.Object, java.lang.Object, java.lang.Object, java.lang.Object, int)'> (0x0000000ae0480ad8) 
thrown [src/hotspot/share/interpreter/linkResolver.cpp, line 784]
Event: 49.746 Thread 0x00000007da528700 Implicit null exception at 0x0000000113047320 to 0x0000000113047fe4
Event: 49.942 Thread 0x00000007db797100 Implicit null exception at 0x000000011304b514 to 0x000000011304bccc
Event: 49.942 Thread 0x00000007db797100 Implicit null exception at 0x000000011304cfc4 to 0x000000011304d810
Event: 51.262 Thread 0x00000007dae86300 Implicit null exception at 0x0000000113055718 to 0x0000000113055f4c
Event: 52.694 Thread 0x00000007db797100 Implicit null exception at 0x00000001130740ec to 0x000000011307460c
Event: 53.783 Thread 0x00000007dae86300 Implicit null exception at 0x00000001130ac788 to 0x00000001130acc94
Event: 55.196 Thread 0x00000007db797100 Implicit null exception at 0x00000001130b1008 to 0x00000001130b1514
Event: 145.302 Thread 0x00000007da528700 Exception <a 'java/lang/NoSuchMethodError'{0x0000000adf458ab8}: 'java.lang.Object java.lang.invoke.DirectMethodHandle$Holder.invokeStatic(java.lang.Object, long, long, java.lang.Object)'> (0x0000000adf458ab8) 
thrown [src/hotspot/share/interpreter/linkResolver.cpp, line 784]
Event: 145.303 Thread 0x00000007da528700 Exception <a 'java/lang/NoSuchMethodError'{0x0000000adf45f138}: 'java.lang.Object java.lang.invoke.DirectMethodHandle$Holder.newInvokeSpecial(java.lang.Object, long, long)'> (0x0000000adf45f138) 
thrown [src/hotspot/share/interpreter/linkResolver.cpp, line 784]
Event: 159.921 Thread 0x00000007da528700 Implicit null exception at 0x0000000112f499cc to 0x0000000112f49c0c
Event: 160.071 Thread 0x00000007da528700 Implicit null exception at 0x0000000112d4c6f8 to 0x0000000112d4c91c
Event: 262.303 Thread 0x00000007da528700 Exception <a 'java/lang/NoSuchMethodError'{0x0000000ae02775d8}: 'java.lang.Object java.lang.invoke.DirectMethodHandle$Holder.newInvokeSpecial(java.lang.Object, java.lang.Object, java.lang.Object, long, int, int)'> (0x0000000ae02775d8) 
thrown [src/hotspot/share/interpreter/linkResolver.cpp, line 784]
Event: 262.303 Thread 0x00000007da528700 Exception <a 'java/lang/NoSuchMethodError'{0x0000000ae027b7f0}: 'java.lang.Object java.lang.invoke.DirectMethodHandle$Holder.invokeSpecial(java.lang.Object, java.lang.Object, java.lang.Object, java.lang.Object, long, int, int)'> (0x0000000ae027b7f0) 
thrown [src/hotspot/share/interpreter/linkResolver.cpp, line 784]
Event: 262.313 Thread 0x00000007da528700 Exception <a 'java/lang/NoSuchMethodError'{0x0000000ae0608ca8}: 'long java.lang.invoke.DirectMethodHandle$Holder.invokeStatic(java.lang.Object, long)'> (0x0000000ae0608ca8) 
thrown [src/hotspot/share/interpreter/linkResolver.cpp, line 784]

ZGC Phase Switch (0 events):
No events

VM Operations (20 events):
Event: 280.981 Executing safepoint VM operation: Cleanup
Event: 280.981 Executing safepoint VM operation: Cleanup done
Event: 282.987 Executing safepoint VM operation: Cleanup
Event: 282.987 Executing safepoint VM operation: Cleanup done
Event: 283.987 Executing safepoint VM operation: Cleanup
Event: 283.987 Executing safepoint VM operation: Cleanup done
Event: 285.996 Executing safepoint VM operation: Cleanup
Event: 285.996 Executing safepoint VM operation: Cleanup done
Event: 287.000 Executing safepoint VM operation: Cleanup
Event: 287.000 Executing safepoint VM operation: Cleanup done
Event: 300.716 Executing non-safepoint VM operation: HandshakeAllThreads (HandshakeForDeflation)
Event: 300.717 Executing non-safepoint VM operation: HandshakeAllThreads (HandshakeForDeflation) done
Event: 300.717 Executing non-safepoint VM operation: RendezvousGCThreads
Event: 300.717 Executing non-safepoint VM operation: RendezvousGCThreads done
Event: 301.954 Executing safepoint VM operation: G1CollectFull (System.gc())
Event: 301.985 Executing safepoint VM operation: G1CollectFull (System.gc()) done
Event: 302.988 Executing safepoint VM operation: Cleanup
Event: 302.988 Executing safepoint VM operation: Cleanup done
Event: 303.367 Executing safepoint VM operation: RedefineClasses (Heap Inspection Initiated GC)
Event: 303.466 Executing safepoint VM operation: RedefineClasses (Heap Inspection Initiated GC) done

Memory protections (20 events):
Event: 153.974 Protecting memory [0x0000000174ab8000,0x0000000174ac4000] with protection modes 0
Event: 154.756 Protecting memory [0x0000000174ab8000,0x0000000174ac4000] with protection modes 3
Event: 154.841 Protecting memory [0x0000000174ab8000,0x0000000174ac4000] with protection modes 0
Event: 155.013 Protecting memory [0x0000000174ab8000,0x0000000174ac4000] with protection modes 3
Event: 155.647 Protecting memory [0x0000000174ab8000,0x0000000174ac4000] with protection modes 0
Event: 155.647 Protecting memory [0x00000001793bc000,0x00000001793c8000] with protection modes 0
Event: 157.571 Protecting memory [0x00000001793bc000,0x00000001793c8000] with protection modes 3
Event: 157.571 Protecting memory [0x0000000174ab8000,0x0000000174ac4000] with protection modes 3
Event: 158.705 Protecting memory [0x0000000174ab8000,0x0000000174ac4000] with protection modes 0
Event: 159.713 Protecting memory [0x00000001793bc000,0x00000001793c8000] with protection modes 0
Event: 160.096 Protecting memory [0x00000001793bc000,0x00000001793c8000] with protection modes 3
Event: 160.339 Protecting memory [0x0000000174ab8000,0x0000000174ac4000] with protection modes 3
Event: 161.607 Protecting memory [0x0000000174ab8000,0x0000000174ac4000] with protection modes 0
Event: 161.772 Protecting memory [0x0000000174ab8000,0x0000000174ac4000] with protection modes 3
Event: 162.925 Protecting memory [0x0000000174ab8000,0x0000000174ac4000] with protection modes 0
Event: 163.156 Protecting memory [0x0000000174ab8000,0x0000000174ac4000] with protection modes 3
Event: 262.273 Protecting memory [0x0000000174ab8000,0x0000000174ac4000] with protection modes 0
Event: 262.277 Protecting memory [0x00000001793bc000,0x00000001793c8000] with protection modes 0
Event: 262.937 Protecting memory [0x00000001793bc000,0x00000001793c8000] with protection modes 3
Event: 262.937 Protecting memory [0x0000000174ab8000,0x0000000174ac4000] with protection modes 3

Nmethod flushes (20 events):
Event: 303.446 Thread 0x00000007d7029c00 flushing  nmethod 0x000000010bfaed90
Event: 303.446 Thread 0x00000007d7029c00 flushing  nmethod 0x000000010bfaf610
Event: 303.446 Thread 0x00000007d7029c00 flushing  nmethod 0x000000010bfbb010
Event: 303.446 Thread 0x00000007d7029c00 flushing  nmethod 0x000000010bfbd410
Event: 303.446 Thread 0x00000007d7029c00 flushing  nmethod 0x000000010bfbde10
Event: 303.446 Thread 0x00000007d7029c00 flushing  nmethod 0x000000010bfc6090
Event: 303.446 Thread 0x00000007d7029c00 flushing  nmethod 0x000000010bfc7510
Event: 303.446 Thread 0x00000007d7029c00 flushing  nmethod 0x000000010bfc8690
Event: 303.446 Thread 0x00000007d7029c00 flushing  nmethod 0x000000010bfc8990
Event: 303.446 Thread 0x00000007d7029c00 flushing  nmethod 0x000000010bfc8f10
Event: 303.446 Thread 0x00000007d7029c00 flushing  nmethod 0x000000010bfca190
Event: 303.446 Thread 0x00000007d7029c00 flushing  nmethod 0x000000010c05a010
Event: 303.446 Thread 0x00000007d7029c00 flushing  nmethod 0x000000010c05dc90
Event: 303.446 Thread 0x00000007d7029c00 flushing  nmethod 0x000000010c05f310
Event: 303.446 Thread 0x00000007d7029c00 flushing  nmethod 0x000000010c05f790
Event: 303.446 Thread 0x00000007d7029c00 flushing  nmethod 0x000000010c06ba90
Event: 303.446 Thread 0x00000007d7029c00 flushing  nmethod 0x000000010c073a10
Event: 303.446 Thread 0x00000007d7029c00 flushing  nmethod 0x000000010c08d890
Event: 303.446 Thread 0x00000007d7029c00 flushing  nmethod 0x000000010c095e90
Event: 303.446 Thread 0x00000007d7029c00 flushing  nmethod 0x000000010c096190

Events (20 events):
Event: 153.974 Thread 0x00000007d6d26800 Thread added: 0x00000007d08ec800
Event: 154.756 Thread 0x00000007d08ec800 Thread exited: 0x00000007d08ec800
Event: 154.841 Thread 0x00000007d6d26000 Thread added: 0x00000007d08ec800
Event: 155.013 Thread 0x00000007d08ec800 Thread exited: 0x00000007d08ec800
Event: 155.647 Thread 0x00000007d6d26000 Thread added: 0x00000007d08ec800
Event: 155.647 Thread 0x00000007d6d26000 Thread added: 0x00000007d08ed800
Event: 157.571 Thread 0x00000007d08ed800 Thread exited: 0x00000007d08ed800
Event: 157.571 Thread 0x00000007d08ec800 Thread exited: 0x00000007d08ec800
Event: 158.705 Thread 0x00000007d6d26000 Thread added: 0x00000007d08ed800
Event: 159.713 Thread 0x00000007d08ed800 Thread added: 0x00000007d45bd000
Event: 160.096 Thread 0x00000007d45bd000 Thread exited: 0x00000007d45bd000
Event: 160.339 Thread 0x00000007d08ed800 Thread exited: 0x00000007d08ed800
Event: 161.607 Thread 0x00000007d6d26000 Thread added: 0x00000007d08ed800
Event: 161.772 Thread 0x00000007d08ed800 Thread exited: 0x00000007d08ed800
Event: 162.925 Thread 0x00000007d6d26000 Thread added: 0x00000007d08ec800
Event: 163.156 Thread 0x00000007d08ec800 Thread exited: 0x00000007d08ec800
Event: 262.273 Thread 0x00000007d6d26000 Thread added: 0x00000007d129d000
Event: 262.277 Thread 0x00000007d6d26800 Thread added: 0x00000007d129c800
Event: 262.937 Thread 0x00000007d129c800 Thread exited: 0x00000007d129c800
Event: 262.937 Thread 0x00000007d129d000 Thread exited: 0x00000007d129d000


Dynamic libraries:
0x00000001002c8000 	/Users/anthony/Library/Java/JavaVirtualMachines/jbr-21.0.11/Contents/Home/lib/libjli.dylib
0x00000001a7c1d000 	/System/Library/Frameworks/Cocoa.framework/Versions/A/Cocoa
0x000000018c903000 	/System/Library/Frameworks/AppKit.framework/Versions/C/AppKit
0x000000018ff42000 	/System/Library/Frameworks/CoreData.framework/Versions/A/CoreData
0x0000000189cfe000 	/System/Library/Frameworks/Foundation.framework/Versions/C/Foundation
0x00000001982a0000 	/usr/lib/libSystem.B.dylib
0x000000018e026000 	/System/Library/PrivateFrameworks/UIFoundation.framework/Versions/A/UIFoundation
0x0000000240d3c000 	/System/Library/PrivateFrameworks/CollectionViewCore.framework/Versions/A/CollectionViewCore
0x0000000195547000 	/System/Library/PrivateFrameworks/XCTTargetBootstrap.framework/Versions/A/XCTTargetBootstrap
0x0000000253594000 	/System/Library/PrivateFrameworks/GenerativeModels.framework/Versions/A/GenerativeModels
0x000000019ac34000 	/System/Library/PrivateFrameworks/InternationalSupport.framework/Versions/A/InternationalSupport
0x000000019af90000 	/System/Library/PrivateFrameworks/UserActivity.framework/Versions/A/UserActivity
0x00000001905d7000 	/System/Library/PrivateFrameworks/BaseBoard.framework/Versions/A/BaseBoard
0x000000024a7aa000 	/System/Library/PrivateFrameworks/FrontBoard.framework/Versions/A/FrontBoard
0x00000001a2960000 	/System/Library/PrivateFrameworks/FrontBoardServices.framework/Versions/A/FrontBoardServices
0x000000028b55c000 	/usr/lib/libRosetta.dylib
0x000000027e880000 	/System/Library/PrivateFrameworks/UIIntelligenceSupport.framework/Versions/A/UIIntelligenceSupport
0x00000002350d3000 	/System/Library/Frameworks/SwiftUICore.framework/Versions/A/SwiftUICore
0x0000000285414000 	/System/Library/PrivateFrameworks/WritingTools.framework/Versions/A/WritingTools
0x000000028420f000 	/System/Library/PrivateFrameworks/WindowManagement.framework/Versions/A/WindowManagement
0x000000018996d000 	/System/Library/Frameworks/SystemConfiguration.framework/Versions/A/SystemConfiguration
0x0000000199e9f000 	/usr/lib/libspindump.dylib
0x000000018e1df000 	/System/Library/Frameworks/UniformTypeIdentifiers.framework/Versions/A/UniformTypeIdentifiers
0x00000001974f7000 	/usr/lib/libbsm.0.dylib
0x0000000192cd9000 	/usr/lib/libapp_launch_measurement.dylib
0x0000000191fe2000 	/System/Library/PrivateFrameworks/CoreAnalytics.framework/Versions/A/CoreAnalytics
0x0000000192cdd000 	/System/Library/PrivateFrameworks/CoreAutoLayout.framework/Versions/A/CoreAutoLayout
0x0000000194ac0000 	/System/Library/Frameworks/Metal.framework/Versions/A/Metal
0x0000000195e83000 	/usr/lib/liblangid.dylib
0x000000019554d000 	/System/Library/PrivateFrameworks/CoreSVG.framework/Versions/A/CoreSVG
0x000000018ec39000 	/System/Library/PrivateFrameworks/SkyLight.framework/Versions/A/SkyLight
0x000000024a4df000 	/System/Library/PrivateFrameworks/FocusEngine.framework/Versions/A/FocusEngine
0x000000018f1f0000 	/System/Library/Frameworks/CoreGraphics.framework/Versions/A/CoreGraphics
0x0000000247eeb000 	/System/Library/PrivateFrameworks/DesignLibrary.framework/Versions/A/DesignLibrary
0x00000001a0bec000 	/System/Library/Frameworks/Accelerate.framework/Versions/A/Accelerate
0x0000000199c95000 	/System/Library/PrivateFrameworks/IconServices.framework/Versions/A/IconServices
0x0000000194a98000 	/System/Library/Frameworks/IOSurface.framework/Versions/A/IOSurface
0x0000000192012000 	/usr/lib/libDiagnosticMessagesClient.dylib
0x00000001981ea000 	/usr/lib/libz.1.dylib
0x00000001a503a000 	/System/Library/Frameworks/ApplicationServices.framework/Versions/A/ApplicationServices
0x0000000195532000 	/System/Library/PrivateFrameworks/DFRFoundation.framework/Versions/A/DFRFoundation
0x000000018c152000 	/usr/lib/libicucore.A.dylib
0x000000019c1bb000 	/System/Library/Frameworks/AudioToolbox.framework/Versions/A/AudioToolbox
0x000000019af3e000 	/System/Library/PrivateFrameworks/DataDetectorsCore.framework/Versions/A/DataDetectorsCore
0x000000027f7c9000 	/System/Library/PrivateFrameworks/UpdateCycle.framework/Versions/A/UpdateCycle
0x00000001b957d000 	/System/Library/PrivateFrameworks/TextInput.framework/Versions/A/TextInput
0x000000018eb7d000 	/usr/lib/libMobileGestalt.dylib
0x0000000195236000 	/System/Library/Frameworks/Carbon.framework/Versions/A/Frameworks/HIToolbox.framework/Versions/A/HIToolbox
0x000000019253c000 	/System/Library/Frameworks/QuartzCore.framework/Versions/A/QuartzCore
0x000000018bd33000 	/System/Library/Frameworks/Security.framework/Versions/A/Security
0x00000001a055b000 	/System/Library/Frameworks/Carbon.framework/Versions/A/Frameworks/SpeechRecognition.framework/Versions/A/SpeechRecognition
0x00000001929a4000 	/System/Library/PrivateFrameworks/CoreUI.framework/Versions/A/CoreUI
0x000000018b59d000 	/System/Library/Frameworks/CoreAudio.framework/Versions/A/CoreAudio
0x000000019210d000 	/System/Library/Frameworks/DiskArbitration.framework/Versions/A/DiskArbitration
0x000000019a43d000 	/System/Library/PrivateFrameworks/MultitouchSupport.framework/Versions/A/MultitouchSupport
0x000000018eb7b000 	/usr/lib/libenergytrace.dylib
0x00000001ac8c4000 	/System/Library/PrivateFrameworks/RenderBox.framework/Versions/A/RenderBox
0x000000018c7aa000 	/System/Library/Frameworks/IOKit.framework/Versions/A/IOKit
0x00000001a096d000 	/System/Library/Frameworks/CoreServices.framework/Versions/A/CoreServices
0x0000000192c60000 	/System/Library/PrivateFrameworks/PerformanceAnalysis.framework/Versions/A/PerformanceAnalysis
0x000000022d9c0000 	/System/Library/Frameworks/OpenGL.framework/Versions/A/OpenGL
0x0000000192d26000 	/usr/lib/libxml2.2.dylib
0x00000001973d8000 	/System/Library/PrivateFrameworks/MobileKeyBag.framework/Versions/A/MobileKeyBag
0x0000000187fec000 	/usr/lib/libobjc.A.dylib
0x0000000188361000 	/usr/lib/libc++.1.dylib
0x00000001a08eb000 	/System/Library/Frameworks/Accessibility.framework/Versions/A/Accessibility
0x000000018f946000 	/System/Library/Frameworks/ColorSync.framework/Versions/A/ColorSync
0x0000000188491000 	/System/Library/Frameworks/CoreFoundation.framework/Versions/A/CoreFoundation
0x00000001958cb000 	/System/Library/Frameworks/CoreImage.framework/Versions/A/CoreImage
0x000000018b374000 	/System/Library/Frameworks/CoreText.framework/Versions/A/CoreText
0x000000022f3c0000 	/System/Library/Frameworks/CoreTransferable.framework/Versions/A/CoreTransferable
0x000000022f8db000 	/System/Library/Frameworks/DataDetection.framework/Versions/A/DataDetection
0x000000022f8f2000 	/System/Library/Frameworks/DeveloperToolsSupport.framework/Versions/A/DeveloperToolsSupport
0x000000019558b000 	/System/Library/Frameworks/ImageIO.framework/Versions/A/ImageIO
0x0000000236030000 	/System/Library/Frameworks/Symbols.framework/Versions/A/Symbols
0x00000001be8f8000 	/System/Library/PrivateFrameworks/AttributeGraph.framework/Versions/A/AttributeGraph
0x00000001a2a3a000 	/System/Library/PrivateFrameworks/BoardServices.framework/Versions/A/BoardServices
0x00000001e3b36000 	/System/Library/PrivateFrameworks/FeatureFlags.framework/Versions/A/FeatureFlags
0x0000000253a3f000 	/System/Library/PrivateFrameworks/Gestures.framework/Versions/A/Gestures
0x00000001982a4000 	/System/Library/PrivateFrameworks/SoftLinking.framework/Versions/A/SoftLinking
0x00000001cd5d9000 	/usr/lib/swift/libswiftAccelerate.dylib
0x00000001c374e000 	/usr/lib/swift/libswiftCompression.dylib
0x000000019bb10000 	/usr/lib/swift/libswiftCore.dylib
0x00000001b579b000 	/usr/lib/swift/libswiftCoreFoundation.dylib
0x00000001b57fb000 	/usr/lib/swift/libswiftCoreImage.dylib
0x00000001a26d9000 	/usr/lib/swift/libswiftDispatch.dylib
0x00000001b57fc000 	/usr/lib/swift/libswiftIOKit.dylib
0x00000001c3740000 	/usr/lib/swift/libswiftMetal.dylib
0x00000001d2f07000 	/usr/lib/swift/libswiftOSLog.dylib
0x00000001a56b1000 	/usr/lib/swift/libswiftObjectiveC.dylib
0x000000028ccd5000 	/usr/lib/swift/libswiftObservation.dylib
0x00000001c8b35000 	/usr/lib/swift/libswiftQuartzCore.dylib
0x000000028cd97000 	/usr/lib/swift/libswiftSpatial.dylib
0x000000028ce11000 	/usr/lib/swift/libswiftSynchronization.dylib
0x00000001cd5c9000 	/usr/lib/swift/libswiftUniformTypeIdentifiers.dylib
0x00000001b57ae000 	/usr/lib/swift/libswiftXPC.dylib
0x000000028ce57000 	/usr/lib/swift/libswift_Builtin_float.dylib
0x000000028ce58000 	/usr/lib/swift/libswift_Concurrency.dylib
0x00000001a56b5000 	/usr/lib/swift/libswiftos.dylib
0x00000001b92ef000 	/usr/lib/swift/libswiftsimd.dylib
0x00000001984c8000 	/usr/lib/libcompression.dylib
0x000000019ab9d000 	/System/Library/PrivateFrameworks/TextureIO.framework/Versions/A/TextureIO
0x000000018faee000 	/System/Library/Frameworks/ApplicationServices.framework/Versions/A/Frameworks/HIServices.framework/Versions/A/HIServices
0x000000019991f000 	/usr/lib/libate.dylib
0x000000019829a000 	/usr/lib/system/libcache.dylib
0x0000000198255000 	/usr/lib/system/libcommonCrypto.dylib
0x0000000198280000 	/usr/lib/system/libcompiler_rt.dylib
0x0000000198275000 	/usr/lib/system/libcopyfile.dylib
0x0000000188195000 	/usr/lib/system/libcorecrypto.dylib
0x0000000188295000 	/usr/lib/system/libdispatch.dylib
0x000000018803f000 	/usr/lib/system/libdyld.dylib
0x0000000198290000 	/usr/lib/system/libkeymgr.dylib
0x0000000198238000 	/usr/lib/system/libmacho.dylib
0x00000001974cf000 	/usr/lib/system/libquarantine.dylib
0x000000019828d000 	/usr/lib/system/libremovefile.dylib
0x000000018ebfd000 	/usr/lib/system/libsystem_asl.dylib
0x000000018811b000 	/usr/lib/system/libsystem_blocks.dylib
0x00000001882e0000 	/usr/lib/system/libsystem_c.dylib
0x0000000198284000 	/usr/lib/system/libsystem_collections.dylib
0x0000000195e70000 	/usr/lib/system/libsystem_configuration.dylib
0x0000000194a5f000 	/usr/lib/system/libsystem_containermanager.dylib
0x0000000197c6e000 	/usr/lib/system/libsystem_coreservices.dylib
0x000000018c428000 	/usr/lib/system/libsystem_darwin.dylib
0x000000028d179000 	/usr/lib/system/libsystem_darwindirectory.dylib
0x0000000198291000 	/usr/lib/system/libsystem_dnssd.dylib
0x000000028d17d000 	/usr/lib/system/libsystem_eligibility.dylib
0x00000001882dd000 	/usr/lib/system/libsystem_featureflags.dylib
0x0000000188461000 	/usr/lib/system/libsystem_info.dylib
0x00000001981f9000 	/usr/lib/system/libsystem_m.dylib
0x0000000188244000 	/usr/lib/system/libsystem_malloc.dylib
0x000000018eb60000 	/usr/lib/system/libsystem_networkextension.dylib
0x000000018c893000 	/usr/lib/system/libsystem_notify.dylib
0x0000000195e75000 	/usr/lib/system/libsystem_sandbox.dylib
0x000000028d187000 	/usr/lib/system/libsystem_sanitizers.dylib
0x0000000198289000 	/usr/lib/system/libsystem_secinit.dylib
0x000000018840d000 	/usr/lib/system/libsystem_kernel.dylib
0x0000000188458000 	/usr/lib/system/libsystem_platform.dylib
0x000000018844b000 	/usr/lib/system/libsystem_pthread.dylib
0x00000001907bb000 	/usr/lib/system/libsystem_symptoms.dylib
0x0000000188174000 	/usr/lib/system/libsystem_trace.dylib
0x000000028d18f000 	/usr/lib/system/libsystem_trial.dylib
0x0000000198263000 	/usr/lib/system/libunwind.dylib
0x000000018811f000 	/usr/lib/system/libxpc.dylib
0x00000001883f2000 	/usr/lib/libc++abi.dylib
0x000000028c9e2000 	/usr/lib/libswiftPrespecialized.dylib
0x00000001982a2000 	/usr/lib/libfakelink.dylib
0x000000018e7aa000 	/System/Library/Frameworks/CFNetwork.framework/Versions/A/CFNetwork
0x00000001982f5000 	/usr/lib/libarchive.2.dylib
0x000000019e607000 	/System/Library/Frameworks/Combine.framework/Versions/A/Combine
0x0000000240d61000 	/System/Library/PrivateFrameworks/CollectionsInternal.framework/Versions/A/CollectionsInternal
0x000000026cc60000 	/System/Library/PrivateFrameworks/ReflectionInternal.framework/Versions/A/ReflectionInternal
0x000000026dbb3000 	/System/Library/PrivateFrameworks/RuntimeInternal.framework/Versions/A/RuntimeInternal
0x00000001b2631000 	/usr/lib/swift/libswiftDarwin.dylib
0x000000028ce25000 	/usr/lib/swift/libswiftSystem.dylib
0x000000028cee4000 	/usr/lib/swift/libswift_DarwinFoundation1.dylib
0x000000028cf88000 	/usr/lib/swift/libswift_StringProcessing.dylib
0x000000018c72a000 	/System/Library/PrivateFrameworks/CoreServicesInternal.framework/Versions/A/CoreServicesInternal
0x000000019826d000 	/usr/lib/liboah.dylib
0x00000001a4ae5000 	/System/Library/PrivateFrameworks/DiskImages.framework/Versions/A/DiskImages
0x00000001b20d6000 	/System/Library/Frameworks/NetFS.framework/Versions/A/NetFS
0x0000000192ca2000 	/System/Library/Frameworks/CoreServices.framework/Versions/A/Frameworks/FSEvents.framework/Versions/A/FSEvents
0x000000018c432000 	/System/Library/Frameworks/CoreServices.framework/Versions/A/Frameworks/CarbonCore.framework/Versions/A/CarbonCore
0x0000000192081000 	/System/Library/Frameworks/CoreServices.framework/Versions/A/Frameworks/Metadata.framework/Versions/A/Metadata
0x0000000197c75000 	/System/Library/Frameworks/CoreServices.framework/Versions/A/Frameworks/OSServices.framework/Versions/A/OSServices
0x00000001983ed000 	/System/Library/Frameworks/CoreServices.framework/Versions/A/Frameworks/SearchKit.framework/Versions/A/SearchKit
0x0000000190735000 	/System/Library/Frameworks/CoreServices.framework/Versions/A/Frameworks/AE.framework/Versions/A/AE
0x00000001889f0000 	/System/Library/Frameworks/CoreServices.framework/Versions/A/Frameworks/LaunchServices.framework/Versions/A/LaunchServices
0x0000000199773000 	/System/Library/Frameworks/CoreServices.framework/Versions/A/Frameworks/DictionaryServices.framework/Versions/A/DictionaryServices
0x0000000192caf000 	/System/Library/Frameworks/CoreServices.framework/Versions/A/Frameworks/SharedFileList.framework/Versions/A/SharedFileList
0x0000000198480000 	/usr/lib/libapple_nghttp2.dylib
0x000000019034c000 	/usr/lib/libsqlite3.dylib
0x0000000190535000 	/System/Library/Frameworks/Accounts.framework/Versions/A/Accounts
0x00000001a4d27000 	/System/Library/PrivateFrameworks/AppSupport.framework/Versions/A/AppSupport
0x00000001b455f000 	/System/Library/Frameworks/AVFoundation.framework/Versions/A/AVFoundation
0x000000019c842000 	/System/Library/Frameworks/GSS.framework/Versions/A/GSS
0x00000001906c9000 	/System/Library/PrivateFrameworks/RunningBoardServices.framework/Versions/A/RunningBoardServices
0x00000001a5639000 	/System/Library/PrivateFrameworks/StreamingZip.framework/Versions/A/StreamingZip
0x00000001907c4000 	/System/Library/Frameworks/Network.framework/Versions/A/Network
0x000000019823c000 	/usr/lib/system/libkxld.dylib
0x000000023c341000 	/System/Library/PrivateFrameworks/AppleKeyStore.framework/Versions/A/AppleKeyStore
0x000000028b25e000 	/usr/lib/libCoreEntitlements.dylib
0x0000000261343000 	/System/Library/PrivateFrameworks/MessageSecurity.framework/Versions/A/MessageSecurity
0x0000000190330000 	/System/Library/PrivateFrameworks/ProtocolBuffer.framework/Versions/A/ProtocolBuffer
0x00000001a1ae8000 	/System/Library/PrivateFrameworks/SymptomDiagnosticReporter.framework/Versions/A/SymptomDiagnosticReporter
0x00000001999b8000 	/System/Library/PrivateFrameworks/CrashReporterSupport.framework/Versions/A/CrashReporterSupport
0x0000000197c55000 	/System/Library/PrivateFrameworks/AppleFSCompression.framework/Versions/A/AppleFSCompression
0x00000001974df000 	/usr/lib/libcoretls.dylib
0x00000001997e9000 	/usr/lib/libcoretls_cfhelpers.dylib
0x00000001984c2000 	/usr/lib/libpam.2.dylib
0x000000019985f000 	/usr/lib/libxar.1.dylib
0x00000001997eb000 	/System/Library/PrivateFrameworks/APFS.framework/Versions/A/APFS
0x00000002792e0000 	/System/Library/PrivateFrameworks/SwiftASN1Internal.framework/Versions/A/SwiftASN1Internal
0x000000019986e000 	/usr/lib/libutil.dylib
0x0000000195e7e000 	/System/Library/PrivateFrameworks/AppleSystemInfo.framework/Versions/A/AppleSystemInfo
0x00000001971a6000 	/System/Library/PrivateFrameworks/IOMobileFramebuffer.framework/Versions/A/IOMobileFramebuffer
0x00000001a4445000 	/System/Library/PrivateFrameworks/CoreWiFi.framework/Versions/A/CoreWiFi
0x00000001b565d000 	/System/Library/PrivateFrameworks/LoggingSupport.framework/Versions/A/LoggingSupport
0x000000019c8a5000 	/System/Library/PrivateFrameworks/MobileAsset.framework/Versions/A/MobileAsset
0x00000001a1af8000 	/System/Library/PrivateFrameworks/PowerLog.framework/Versions/A/PowerLog
0x00000001a2fba000 	/System/Library/PrivateFrameworks/Rapport.framework/Versions/A/Rapport
0x0000000234f66000 	/System/Library/Frameworks/SwiftData.framework/Versions/A/SwiftData
0x0000000192ecf000 	/System/Library/PrivateFrameworks/UserManagement.framework/Versions/A/UserManagement
0x000000018e6d1000 	/usr/lib/libboringssl.dylib
0x00000001907a9000 	/usr/lib/libdns_services.dylib
0x00000001b4693000 	/usr/lib/libquic.dylib
0x000000019baa1000 	/usr/lib/libusrtcp.dylib
0x000000023d1fa000 	/System/Library/PrivateFrameworks/AtomicsInternal.framework/Versions/A/AtomicsInternal
0x00000001db96c000 	/System/Library/PrivateFrameworks/InternalSwiftProtobuf.framework/Versions/A/InternalSwiftProtobuf
0x000000028ccac000 	/usr/lib/swift/libswiftDistributed.dylib
0x0000000195e7c000 	/System/Library/PrivateFrameworks/AggregateDictionary.framework/Versions/A/AggregateDictionary
0x000000023da28000 	/System/Library/PrivateFrameworks/BiomeLibrary.framework/Versions/A/BiomeLibrary
0x00000001c47ab000 	/System/Library/PrivateFrameworks/BiomeStreams.framework/Versions/A/BiomeStreams
0x00000001c0810000 	/System/Library/PrivateFrameworks/BiomeFoundation.framework/Versions/A/BiomeFoundation
0x00000001caa2f000 	/System/Library/PrivateFrameworks/BiomePubSub.framework/Versions/A/BiomePubSub
0x00000001a661c000 	/System/Library/PrivateFrameworks/ProactiveSupport.framework/Versions/A/ProactiveSupport
0x0000000236fbf000 	/System/Library/Frameworks/_LocationEssentials.framework/Versions/A/_LocationEssentials
0x00000001997ca000 	/usr/lib/liblzma.5.dylib
0x00000001a503b000 	/System/Library/PrivateFrameworks/InternationalTextSearch.framework/Versions/A/InternationalTextSearch
0x00000001bcceb000 	/System/Library/PrivateFrameworks/SoftwareUpdateCoreSupport.framework/Versions/A/SoftwareUpdateCoreSupport
0x00000001c5249000 	/System/Library/PrivateFrameworks/SoftwareUpdateCoreConnect.framework/Versions/A/SoftwareUpdateCoreConnect
0x00000001a4bdf000 	/System/Library/PrivateFrameworks/RemoteServiceDiscovery.framework/Versions/A/RemoteServiceDiscovery
0x00000001bc8c3000 	/System/Library/PrivateFrameworks/MSUDataAccessor.framework/Versions/A/MSUDataAccessor
0x00000001b782b000 	/usr/lib/libbootpolicy.dylib
0x00000001a4bf6000 	/System/Library/PrivateFrameworks/RemoteXPC.framework/Versions/A/RemoteXPC
0x00000001c467f000 	/usr/lib/libFDR.dylib
0x00000001ca631000 	/usr/lib/libamsupport.dylib
0x000000028b554000 	/usr/lib/libReverseProxyDevice.dylib
0x000000023bbb1000 	/System/Library/PrivateFrameworks/AppleDeviceQuerySupport.framework/Versions/A/AppleDeviceQuerySupport
0x00000001cd7f3000 	/usr/lib/libpartition2_dynamic.dylib
0x000000019845c000 	/System/Library/PrivateFrameworks/AppleSauce.framework/Versions/A/AppleSauce
0x000000028b109000 	/usr/lib/libAppleArchive.dylib
0x0000000197c61000 	/usr/lib/libbz2.1.0.dylib
0x0000000192117000 	/System/Library/Frameworks/Accelerate.framework/Versions/A/Frameworks/vImage.framework/Versions/A/vImage
0x00000001a0948000 	/System/Library/Frameworks/Accelerate.framework/Versions/A/Frameworks/vecLib.framework/Versions/A/vecLib
0x00000001998a5000 	/System/Library/Frameworks/Accelerate.framework/Versions/A/Frameworks/vecLib.framework/Versions/A/libvMisc.dylib
0x0000000188ef4000 	/System/Library/Frameworks/Accelerate.framework/Versions/A/Frameworks/vecLib.framework/Versions/A/libBLAS.dylib
0x0000000192e0d000 	/System/Library/Frameworks/CoreVideo.framework/Versions/A/CoreVideo
0x000000019c459000 	/System/Library/Frameworks/ApplicationServices.framework/Versions/A/Frameworks/ATS.framework/Versions/A/ATS
0x000000019ab2a000 	/System/Library/Frameworks/ApplicationServices.framework/Versions/A/Frameworks/PrintCore.framework/Versions/A/PrintCore
0x000000019c80b000 	/System/Library/Frameworks/ApplicationServices.framework/Versions/A/Frameworks/QD.framework/Versions/A/QD
0x000000019c806000 	/System/Library/Frameworks/ApplicationServices.framework/Versions/A/Frameworks/ColorSyncLegacy.framework/Versions/A/ColorSyncLegacy
0x000000019c42b000 	/System/Library/Frameworks/ApplicationServices.framework/Versions/A/Frameworks/SpeechSynthesis.framework/Versions/A/SpeechSynthesis
0x0000000194f66000 	/System/Library/PrivateFrameworks/FontServices.framework/libFontParser.dylib
0x00000001a4907000 	/System/Library/PrivateFrameworks/BackBoardServices.framework/Versions/A/BackBoardServices
0x000000023d92d000 	/System/Library/PrivateFrameworks/BackBoardHIDEventFoundation.framework/Versions/A/BackBoardHIDEventFoundation
0x000000018ae90000 	/System/Library/Frameworks/CoreDisplay.framework/Versions/A/CoreDisplay
0x000000019a483000 	/System/Library/Frameworks/VideoToolbox.framework/Versions/A/VideoToolbox
0x00000001984c0000 	/System/Library/Frameworks/MetalPerformanceShaders.framework/Versions/A/MetalPerformanceShaders
0x000000026bb6a000 	/System/Library/PrivateFrameworks/ProDisplayLibrary.framework/Versions/A/ProDisplayLibrary
0x00000001a8738000 	/System/Library/PrivateFrameworks/IOSurfaceAccelerator.framework/Versions/A/IOSurfaceAccelerator
0x0000000194ab5000 	/System/Library/PrivateFrameworks/IOAccelerator.framework/Versions/A/IOAccelerator
0x0000000194dc4000 	/System/Library/Frameworks/CoreMedia.framework/Versions/A/CoreMedia
0x000000018ec15000 	/System/Library/PrivateFrameworks/TCC.framework/Versions/A/TCC
0x000000019a43b000 	/System/Library/PrivateFrameworks/WatchdogClient.framework/Versions/A/WatchdogClient
0x00000001b577b000 	/usr/lib/swift/libswiftCoreAudio.dylib
0x00000001d1754000 	/usr/lib/swift/libswiftCoreMedia.dylib
0x000000028ce3f000 	/usr/lib/swift/libswiftVideoToolbox.dylib
0x00000001caa90000 	/System/Library/PrivateFrameworks/BiomeStorage.framework/Versions/A/BiomeStorage
0x000000025a087000 	/System/Library/PrivateFrameworks/IntelligencePlatformLibrary.framework/Versions/A/IntelligencePlatformLibrary
0x000000026a92e000 	/System/Library/PrivateFrameworks/PoirotSchematizer.framework/Versions/A/PoirotSchematizer
0x000000023e2db000 	/System/Library/PrivateFrameworks/BiomeSync.framework/Versions/A/BiomeSync
0x000000023da0e000 	/System/Library/PrivateFrameworks/BiomeDSL.framework/Versions/A/BiomeDSL
0x000000026a99c000 	/System/Library/PrivateFrameworks/PoirotUDFs.framework/Versions/A/PoirotUDFs
0x000000028cee7000 	/usr/lib/swift/libswift_DarwinFoundation2.dylib
0x000000028cee8000 	/usr/lib/swift/libswift_DarwinFoundation3.dylib
0x00000001a2faf000 	/System/Library/PrivateFrameworks/CoreTime.framework/Versions/A/CoreTime
0x00000001982da000 	/usr/lib/libiconv.2.dylib
0x0000000198237000 	/usr/lib/libcharset.1.dylib
0x000000026a8f1000 	/System/Library/PrivateFrameworks/PoirotSQLite.framework/Versions/A/PoirotSQLite
0x000000028cee9000 	/usr/lib/swift/libswift_RegexParser.dylib
0x000000023f911000 	/System/Library/PrivateFrameworks/CascadeSets.framework/Versions/A/CascadeSets
0x000000019ca1c000 	/System/Library/PrivateFrameworks/CorePhoneNumbers.framework/Versions/A/CorePhoneNumbers
0x000000019a235000 	/System/Library/PrivateFrameworks/AppleJPEG.framework/Versions/A/AppleJPEG
0x0000000199c0f000 	/usr/lib/libexpat.1.dylib
0x000000019aa00000 	/System/Library/Frameworks/ImageIO.framework/Versions/A/Resources/libPng.dylib
0x000000019aa2b000 	/System/Library/Frameworks/ImageIO.framework/Versions/A/Resources/libTIFF.dylib
0x000000019ab13000 	/System/Library/Frameworks/ImageIO.framework/Versions/A/Resources/libGIF.dylib
0x000000019a27a000 	/System/Library/Frameworks/ImageIO.framework/Versions/A/Resources/libJP2.dylib
0x000000019aaba000 	/System/Library/Frameworks/ImageIO.framework/Versions/A/Resources/libJPEG.dylib
0x000000019aab1000 	/System/Library/Frameworks/ImageIO.framework/Versions/A/Resources/libRadiance.dylib
0x000000024fd3e000 	/System/Library/PrivateFrameworks/GPUCompiler.framework/Versions/32023/Libraries/libllvm-flatbuffers.dylib
0x000000024a79d000 	/System/Library/PrivateFrameworks/FramePacing.framework/Versions/A/FramePacing
0x000000022d9b2000 	/System/Library/Frameworks/OpenGL.framework/Versions/A/Libraries/libCoreFSCache.dylib
0x000000024b8cb000 	/System/Library/PrivateFrameworks/GPUCompiler.framework/Versions/32023/Libraries/libGPUCompilerUtils.dylib
0x00000001a2b07000 	/System/Library/PrivateFrameworks/GraphicsServices.framework/Versions/A/GraphicsServices
0x000000022da11000 	/System/Library/Frameworks/OpenGL.framework/Versions/A/Libraries/libGLU.dylib
0x000000022d9d4000 	/System/Library/Frameworks/OpenGL.framework/Versions/A/Libraries/libGFXShared.dylib
0x000000022dba1000 	/System/Library/Frameworks/OpenGL.framework/Versions/A/Libraries/libGL.dylib
0x000000022d9dd000 	/System/Library/Frameworks/OpenGL.framework/Versions/A/Libraries/libGLImage.dylib
0x000000022d9d1000 	/System/Library/Frameworks/OpenGL.framework/Versions/A/Libraries/libCVMSPluginSupport.dylib
0x000000022d9ba000 	/System/Library/Frameworks/OpenGL.framework/Versions/A/Libraries/libCoreVMClient.dylib
0x000000019aaac000 	/System/Library/PrivateFrameworks/GPUWrangler.framework/Versions/A/GPUWrangler
0x000000019aa8c000 	/System/Library/PrivateFrameworks/IOPresentment.framework/Versions/A/IOPresentment
0x000000019aab4000 	/System/Library/PrivateFrameworks/DSExternalDisplay.framework/Versions/A/DSExternalDisplay
0x0000000280ea3000 	/System/Library/PrivateFrameworks/VideoToolboxParavirtualizationSupport.framework/Versions/A/VideoToolboxParavirtualizationSupport
0x0000000199bc6000 	/System/Library/PrivateFrameworks/AppleVA.framework/Versions/A/AppleVA
0x000000022fa3c000 	/System/Library/Frameworks/ExtensionFoundation.framework/Versions/A/ExtensionFoundation
0x000000019ab19000 	/System/Library/PrivateFrameworks/CMCaptureCore.framework/Versions/A/CMCaptureCore
0x0000000199e92000 	/System/Library/PrivateFrameworks/AppServerSupport.framework/Versions/A/AppServerSupport
0x000000019c814000 	/System/Library/PrivateFrameworks/perfdata.framework/Versions/A/perfdata
0x000000018afb1000 	/System/Library/PrivateFrameworks/AudioToolboxCore.framework/Versions/A/AudioToolboxCore
0x0000000194d9a000 	/System/Library/PrivateFrameworks/caulk.framework/Versions/A/caulk
0x000000019c411000 	/usr/lib/libAudioStatistics.dylib
0x00000001b4788000 	/System/Library/PrivateFrameworks/SystemPolicy.framework/Versions/A/SystemPolicy
0x000000019c6b9000 	/usr/lib/libSMC.dylib
0x00000001bc0d7000 	/usr/lib/swift/libswiftCoreMIDI.dylib
0x00000001a7a2a000 	/System/Library/Frameworks/CoreMIDI.framework/Versions/A/CoreMIDI
0x000000019a9da000 	/usr/lib/libAudioToolboxUtility.dylib
0x000000019c822000 	/usr/lib/libperfcheck.dylib
0x000000023d2c9000 	/System/Library/PrivateFrameworks/AudioAnalytics.framework/Versions/A/AudioAnalytics
0x00000001db65a000 	/System/Library/Frameworks/OSLog.framework/Versions/A/OSLog
0x00000002663a4000 	/System/Library/PrivateFrameworks/OSEligibility.framework/Versions/A/OSEligibility
0x0000000230e20000 	/System/Library/Frameworks/LightweightCodeRequirements.framework/Versions/A/LightweightCodeRequirements
0x0000000199b0f000 	/System/Library/PrivateFrameworks/PlugInKit.framework/Versions/A/PlugInKit
0x00000001973f0000 	/System/Library/PrivateFrameworks/AssertionServices.framework/Versions/A/AssertionServices
0x0000000199c34000 	/System/Library/PrivateFrameworks/IconFoundation.framework/Versions/A/IconFoundation
0x0000000256c15000 	/System/Library/PrivateFrameworks/IconRendering.framework/Versions/A/IconRendering
0x000000026dd7f000 	/System/Library/PrivateFrameworks/SFSymbols.framework/Versions/A/SFSymbols
0x0000000199e42000 	/System/Library/PrivateFrameworks/GraphVisualizer.framework/Versions/A/GraphVisualizer
0x000000024a6a8000 	/System/Library/PrivateFrameworks/FontServices.framework/Versions/A/FontServices
0x0000000199e52000 	/System/Library/PrivateFrameworks/OTSVG.framework/Versions/A/OTSVG
0x0000000192952000 	/System/Library/Frameworks/ApplicationServices.framework/Versions/A/Frameworks/ATS.framework/Versions/A/Resources/libFontRegistry.dylib
0x000000028c01c000 	/usr/lib/libhvf.dylib
0x0000000267030000 	/System/Library/PrivateFrameworks/ParsingInternal.framework/Versions/A/ParsingInternal
0x000000024a6ac000 	/System/Library/PrivateFrameworks/FontServices.framework/libXTFontStaticRegistryData.dylib
0x0000000195db6000 	/System/Library/Frameworks/MetalPerformanceShaders.framework/Versions/A/Frameworks/MPSCore.framework/Versions/A/MPSCore
0x0000000197bc0000 	/System/Library/Frameworks/MetalPerformanceShaders.framework/Versions/A/Frameworks/MPSImage.framework/Versions/A/MPSImage
0x000000019757f000 	/System/Library/Frameworks/MetalPerformanceShaders.framework/Versions/A/Frameworks/MPSNeuralNetwork.framework/Versions/A/MPSNeuralNetwork
0x00000001979be000 	/System/Library/Frameworks/MetalPerformanceShaders.framework/Versions/A/Frameworks/MPSMatrix.framework/Versions/A/MPSMatrix
0x00000001977d6000 	/System/Library/Frameworks/MetalPerformanceShaders.framework/Versions/A/Frameworks/MPSRayIntersector.framework/Versions/A/MPSRayIntersector
0x00000001979f0000 	/System/Library/Frameworks/MetalPerformanceShaders.framework/Versions/A/Frameworks/MPSNDArray.framework/Versions/A/MPSNDArray
0x0000000231ca5000 	/System/Library/Frameworks/MetalPerformanceShaders.framework/Versions/A/Frameworks/MPSFunctions.framework/Versions/A/MPSFunctions
0x0000000231c86000 	/System/Library/Frameworks/MetalPerformanceShaders.framework/Versions/A/Frameworks/MPSBenchmarkLoop.framework/Versions/A/MPSBenchmarkLoop
0x0000000231cb9000 	/System/Library/Frameworks/MetalPerformanceShaders.framework/Versions/A/Frameworks/MPSHost.framework/Versions/A/MPSHost
0x0000000188d0b000 	/System/Library/PrivateFrameworks/MetalTools.framework/Versions/A/MetalTools
0x00000001baa14000 	/System/Library/PrivateFrameworks/IOAccelMemoryInfo.framework/Versions/A/IOAccelMemoryInfo
0x00000001c8f28000 	/System/Library/PrivateFrameworks/kperf.framework/Versions/A/kperf
0x00000001b5777000 	/System/Library/PrivateFrameworks/GPURawCounter.framework/Versions/A/GPURawCounter
0x00000001a67a7000 	/System/Library/PrivateFrameworks/ASEProcessing.framework/Versions/A/ASEProcessing
0x00000001d700d000 	/System/Library/PrivateFrameworks/Symbolication.framework/Versions/A/Symbolication
0x000000026a4dd000 	/System/Library/PrivateFrameworks/PhotosensitivityProcessing.framework/Versions/A/PhotosensitivityProcessing
0x000000026de05000 	/System/Library/PrivateFrameworks/SILManager.framework/Versions/A/SILManager
0x00000001a2e52000 	/System/Library/PrivateFrameworks/CoreSymbolication.framework/Versions/A/CoreSymbolication
0x00000001b56ec000 	/System/Library/PrivateFrameworks/MallocStackLogging.framework/Versions/A/MallocStackLogging
0x00000001a2e30000 	/System/Library/PrivateFrameworks/DebugSymbols.framework/Versions/A/DebugSymbols
0x00000001c769b000 	/System/Library/PrivateFrameworks/OSAnalytics.framework/Versions/A/OSAnalytics
0x000000024840a000 	/System/Library/PrivateFrameworks/DeviceRecovery.framework/Versions/A/DeviceRecovery
0x000000027c733000 	/System/Library/PrivateFrameworks/Tightbeam.framework/Versions/A/Tightbeam
0x00000001cdd60000 	/System/Library/PrivateFrameworks/AFKUser.framework/Versions/A/AFKUser
0x000000019802e000 	/System/Library/Frameworks/UserNotifications.framework/Versions/A/UserNotifications
0x00000001bb1a9000 	/System/Library/PrivateFrameworks/SiriInstrumentation.framework/Versions/A/SiriInstrumentation
0x0000000270260000 	/System/Library/PrivateFrameworks/SiriAnalytics.framework/Versions/A/SiriAnalytics
0x00000001b8911000 	/System/Library/PrivateFrameworks/FeedbackLogger.framework/Versions/A/FeedbackLogger
0x00000001d31a0000 	/usr/lib/swift/libswiftAVFoundation.dylib
0x000000027ef5b000 	/System/Library/PrivateFrameworks/UnifiedAssetFramework.framework/Versions/A/UnifiedAssetFramework
0x000000019c390000 	/System/Library/PrivateFrameworks/AudioSession.framework/Versions/A/AudioSession
0x0000000199d53000 	/System/Library/PrivateFrameworks/MediaExperience.framework/Versions/A/MediaExperience
0x000000019c165000 	/System/Library/PrivateFrameworks/AudioSession.framework/libSessionUtility.dylib
0x00000001a19dd000 	/System/Library/Frameworks/CoreBluetooth.framework/Versions/A/CoreBluetooth
0x0000000197263000 	/System/Library/PrivateFrameworks/CoreUtils.framework/Versions/A/CoreUtils
0x00000001ad5f7000 	/System/Library/PrivateFrameworks/HID.framework/Versions/A/HID
0x0000000247323000 	/System/Library/PrivateFrameworks/CoreUtilsExtras.framework/Versions/A/CoreUtilsExtras
0x0000000256b6a000 	/System/Library/PrivateFrameworks/IO80211.framework/Versions/A/IO80211
0x000000019e353000 	/System/Library/Frameworks/IOBluetooth.framework/Versions/A/IOBluetooth
0x000000028ccf4000 	/usr/lib/swift/libswiftRegexBuilder.dylib
0x00000001999af000 	/usr/lib/libIOReport.dylib
0x00000001e3bba000 	/System/Library/PrivateFrameworks/WiFiPeerToPeer.framework/Versions/A/WiFiPeerToPeer
0x00000001973ff000 	/System/Library/Frameworks/SecurityFoundation.framework/Versions/A/SecurityFoundation
0x000000023f9c5000 	/System/Library/PrivateFrameworks/Centauri.framework/Versions/A/Centauri
0x00000001896ef000 	/System/Library/PrivateFrameworks/Lexicon.framework/Versions/A/Lexicon
0x000000028c46c000 	/usr/lib/libmrc.dylib
0x0000000256bd5000 	/System/Library/PrivateFrameworks/IPConfiguration.framework/Versions/A/IPConfiguration
0x00000001d77e4000 	/System/Library/PrivateFrameworks/Netrb.framework/Versions/A/Netrb
0x0000000197568000 	/usr/lib/libgermantok.dylib
0x0000000195fa5000 	/System/Library/PrivateFrameworks/LinguisticData.framework/Versions/A/LinguisticData
0x00000001a1be6000 	/System/Library/PrivateFrameworks/MediaKit.framework/Versions/A/MediaKit
0x00000001a1b34000 	/System/Library/Frameworks/DiscRecording.framework/Versions/A/DiscRecording
0x0000000199c2a000 	/usr/lib/libheimdal-asn1.dylib
0x00000001a560f000 	/System/Library/Frameworks/AudioUnit.framework/Versions/A/AudioUnit
0x0000000192c6a000 	/System/Library/Frameworks/OpenDirectory.framework/Versions/A/OpenDirectory
0x0000000192c78000 	/System/Library/Frameworks/OpenDirectory.framework/Versions/A/Frameworks/CFOpenDirectory.framework/Versions/A/CFOpenDirectory
0x000000019e6fb000 	/System/Library/PrivateFrameworks/GeoServices.framework/Versions/A/GeoServices
0x000000019c12b000 	/System/Library/PrivateFrameworks/LocationSupport.framework/Versions/A/LocationSupport
0x0000000253891000 	/System/Library/PrivateFrameworks/GeoServicesCore.framework/Versions/A/GeoServicesCore
0x00000001ae4fb000 	/System/Library/PrivateFrameworks/PhoneNumbers.framework/Versions/A/PhoneNumbers
0x000000025c019000 	/System/Library/PrivateFrameworks/LocationLogEncryption.framework/Versions/A/LocationLogEncryption
0x000000022df2d000 	/System/Library/Frameworks/AVFAudio.framework/Versions/A/AVFAudio
0x000000022e071000 	/System/Library/Frameworks/AVRouting.framework/Versions/A/AVRouting
0x00000001ae613000 	/usr/lib/libAccessibility.dylib
0x000000025aa03000 	/System/Library/PrivateFrameworks/IsolatedCoreAudioClient.framework/Versions/A/IsolatedCoreAudioClient
0x000000024315b000 	/System/Library/PrivateFrameworks/CoreAudioOrchestration.framework/Versions/A/CoreAudioOrchestration
0x000000019b001000 	/System/Library/Frameworks/MediaToolbox.framework/Versions/A/MediaToolbox
0x00000001a1d0c000 	/System/Library/PrivateFrameworks/CoreAVCHD.framework/Versions/A/CoreAVCHD
0x00000001a0c3b000 	/System/Library/Frameworks/MediaAccessibility.framework/Versions/A/MediaAccessibility
0x00000001a1d08000 	/System/Library/PrivateFrameworks/Mangrove.framework/Versions/A/Mangrove
0x000000023f001000 	/System/Library/PrivateFrameworks/CMPhoto.framework/Versions/A/CMPhoto
0x00000001a24d5000 	/System/Library/Frameworks/CoreTelephony.framework/Versions/A/CoreTelephony
0x00000001a1cfb000 	/System/Library/PrivateFrameworks/CoreAUC.framework/Versions/A/CoreAUC
0x000000023c172000 	/System/Library/PrivateFrameworks/AppleJPEGXL.framework/Versions/A/AppleJPEGXL
0x000000019ca2c000 	/usr/lib/libTelephonyUtilDynamic.dylib
0x00000001de74c000 	/System/Library/Frameworks/CryptoKit.framework/Versions/A/CryptoKit
0x00000001a560a000 	/System/Library/PrivateFrameworks/CryptoKitCBridging.framework/Versions/A/CryptoKitCBridging
0x00000001a2b19000 	/System/Library/Frameworks/CryptoTokenKit.framework/Versions/A/CryptoTokenKit
0x0000000247e7b000 	/System/Library/PrivateFrameworks/Dendrite.framework/Versions/A/Dendrite
0x00000001b531f000 	/System/Library/Frameworks/NaturalLanguage.framework/Versions/A/NaturalLanguage
0x00000001e3b42000 	/usr/lib/swift/libswiftNaturalLanguage.dylib
0x000000023cce8000 	/System/Library/PrivateFrameworks/AppleMobileFileIntegrity.framework/Versions/A/AppleMobileFileIntegrity
0x000000028b5cb000 	/usr/lib/libTLE.dylib
0x00000001b571e000 	/usr/lib/libmis.dylib
0x00000001ed249000 	/System/Library/PrivateFrameworks/ConfigProfileHelper.framework/Versions/A/ConfigProfileHelper
0x00000001a5799000 	/System/Library/PrivateFrameworks/Espresso.framework/Versions/A/Espresso
0x00000001933f9000 	/System/Library/Frameworks/CoreML.framework/Versions/A/CoreML
0x00000001e19ff000 	/usr/lib/libedit.3.dylib
0x000000022ad3c000 	/System/Library/PrivateFrameworks/ANECompiler.framework/Versions/A/ANECompiler
0x00000001a786e000 	/System/Library/PrivateFrameworks/AppleNeuralEngine.framework/Versions/A/AppleNeuralEngine
0x000000025c137000 	/System/Library/PrivateFrameworks/MIL.framework/Versions/A/MIL
0x0000000231cbf000 	/System/Library/Frameworks/MetalPerformanceShadersGraph.framework/Versions/A/MetalPerformanceShadersGraph
0x000000025c8a6000 	/System/Library/PrivateFrameworks/MLCompilerServices.framework/Versions/A/MLCompilerServices
0x00000001a65eb000 	/System/Library/PrivateFrameworks/ANEServices.framework/Versions/A/ANEServices
0x00000001ba9d7000 	/usr/lib/libncurses.5.4.dylib
0x000000018c8a6000 	/usr/lib/libsandbox.1.dylib
0x0000000199b50000 	/usr/lib/libMatch.1.dylib
0x0000000266126000 	/System/Library/PrivateFrameworks/ODIE.framework/Versions/A/ODIE
0x000000025f533000 	/System/Library/PrivateFrameworks/MLModelAsset.framework/Versions/A/MLModelAsset
0x000000025c84c000 	/System/Library/PrivateFrameworks/MLCompilerRuntime.framework/Versions/A/MLCompilerRuntime
0x000000019782b000 	/System/Library/Frameworks/MLCompute.framework/Versions/A/MLCompute
0x000000025c7ce000 	/System/Library/PrivateFrameworks/MLAssetIO.framework/Versions/A/MLAssetIO
0x000000028ccc6000 	/usr/lib/swift/libswiftMLCompute.dylib
0x00000001a26f0000 	/System/Library/PrivateFrameworks/AVFCore.framework/Versions/A/AVFCore
0x00000001abf15000 	/System/Library/PrivateFrameworks/AVFCapture.framework/Versions/A/AVFCapture
0x000000023edf8000 	/System/Library/PrivateFrameworks/CMImaging.framework/Versions/A/CMImaging
0x00000001ac157000 	/System/Library/PrivateFrameworks/Quagga.framework/Versions/A/Quagga
0x00000001ac288000 	/System/Library/PrivateFrameworks/CMCapture.framework/Versions/A/CMCapture
0x000000019c5b6000 	/System/Library/Frameworks/CoreMediaIO.framework/Versions/A/CoreMediaIO
0x000000023ed33000 	/System/Library/PrivateFrameworks/CMCaptureDevice.framework/Versions/A/CMCaptureDevice
0x0000000199f8b000 	/System/Library/PrivateFrameworks/CoreBrightness.framework/Versions/A/CoreBrightness
0x000000023febc000 	/System/Library/PrivateFrameworks/CinematicFraming.framework/Versions/A/CinematicFraming
0x000000026260e000 	/System/Library/PrivateFrameworks/ModelManagerServices.framework/Versions/A/ModelManagerServices
0x00000001d020a000 	/System/Library/PrivateFrameworks/CPMS.framework/Versions/A/CPMS
0x0000000279e5b000 	/System/Library/PrivateFrameworks/SystemStatus.framework/Versions/A/SystemStatus
0x00000001b415d000 	/System/Library/Frameworks/CoreMotion.framework/Versions/A/CoreMotion
0x00000001c472a000 	/System/Library/PrivateFrameworks/TimeSync.framework/Versions/A/TimeSync
0x0000000248841000 	/System/Library/PrivateFrameworks/DistributedSensing.framework/Versions/A/DistributedSensing
0x00000001bfb1f000 	/System/Library/PrivateFrameworks/MobileBluetooth.framework/Versions/A/MobileBluetooth
0x00000001c63e8000 	/System/Library/PrivateFrameworks/IOKitten.framework/Versions/A/IOKitten
0x000000023bfec000 	/System/Library/PrivateFrameworks/AppleIntelligenceReporting.framework/Versions/A/AppleIntelligenceReporting
0x0000000197172000 	/System/Library/PrivateFrameworks/CoreEmoji.framework/Versions/A/CoreEmoji
0x0000000189a01000 	/usr/lib/libCRFSuite.dylib
0x000000018ace1000 	/System/Library/PrivateFrameworks/LanguageModeling.framework/Versions/A/LanguageModeling
0x0000000195e85000 	/System/Library/PrivateFrameworks/CoreNLP.framework/Versions/A/CoreNLP
0x000000018fc57000 	/System/Library/PrivateFrameworks/Montreal.framework/Versions/A/Montreal
0x00000001982e2000 	/usr/lib/libcmph.dylib
0x0000000197509000 	/usr/lib/libmecab.dylib
0x0000000198453000 	/usr/lib/libThaiTokenizer.dylib
0x0000000253676000 	/System/Library/PrivateFrameworks/GenerativeModelsFoundation.framework/Versions/A/GenerativeModelsFoundation
0x000000027cc38000 	/System/Library/PrivateFrameworks/TokenGeneration.framework/Versions/A/TokenGeneration
0x000000025344a000 	/System/Library/PrivateFrameworks/GenerativeFunctions.framework/Versions/A/GenerativeFunctions
0x0000000253498000 	/System/Library/PrivateFrameworks/GenerativeFunctionsFoundation.framework/Versions/A/GenerativeFunctionsFoundation
0x00000002622d4000 	/System/Library/PrivateFrameworks/ModelCatalog.framework/Versions/A/ModelCatalog
0x000000026f47a000 	/System/Library/PrivateFrameworks/SensitiveContentAnalysisML.framework/Versions/A/SensitiveContentAnalysisML
0x000000025352e000 	/System/Library/PrivateFrameworks/GenerativeFunctionsInstrumentation.framework/Versions/A/GenerativeFunctionsInstrumentation
0x000000026c2f2000 	/System/Library/PrivateFrameworks/PromptKit.framework/Versions/A/PromptKit
0x000000026bd09000 	/System/Library/PrivateFrameworks/ProactiveDaemonSupport.framework/Versions/A/ProactiveDaemonSupport
0x000000027ce70000 	/System/Library/PrivateFrameworks/TokenGenerationCore.framework/Versions/A/TokenGenerationCore
0x00000001b61ea000 	/System/Library/PrivateFrameworks/Trial.framework/Versions/A/Trial
0x00000001b616b000 	/System/Library/PrivateFrameworks/TrialProto.framework/Versions/A/TrialProto
0x000000023bc18000 	/System/Library/PrivateFrameworks/AppleFlatBuffers.framework/Versions/A/AppleFlatBuffers
0x000000026f74a000 	/System/Library/PrivateFrameworks/SentencePieceInternal.framework/Versions/A/SentencePieceInternal
0x00000001a0c95000 	/System/Library/Frameworks/Vision.framework/Versions/A/Vision
0x0000000247005000 	/System/Library/PrivateFrameworks/CoreSceneUnderstanding.framework/Versions/A/CoreSceneUnderstanding
0x0000000281ab0000 	/System/Library/PrivateFrameworks/VisionCore.framework/Versions/A/VisionCore
0x00000001beaad000 	/System/Library/Frameworks/Vision.framework/libfaceCore.dylib
0x00000001bf5c7000 	/System/Library/PrivateFrameworks/Futhark.framework/Versions/A/Futhark
0x00000001c3507000 	/System/Library/PrivateFrameworks/InertiaCam.framework/Versions/A/InertiaCam
0x00000001bf354000 	/System/Library/PrivateFrameworks/TextRecognition.framework/Versions/A/TextRecognition
0x00000001999ed000 	/System/Library/PrivateFrameworks/CVNLP.framework/Versions/A/CVNLP
0x00000001dbb43000 	/System/Library/PrivateFrameworks/HIDDisplay.framework/Versions/A/HIDDisplay
0x000000019aae5000 	/System/Library/Frameworks/ApplicationServices.framework/Versions/A/Frameworks/ATSUI.framework/Versions/A/ATSUI
0x000000019c79a000 	/usr/lib/libcups.2.dylib
0x000000019c830000 	/System/Library/Frameworks/Kerberos.framework/Versions/A/Kerberos
0x000000019c4a1000 	/usr/lib/libresolv.9.dylib
0x0000000199ea6000 	/System/Library/PrivateFrameworks/Heimdal.framework/Versions/A/Heimdal
0x00000001a560e000 	/System/Library/Frameworks/Kerberos.framework/Versions/A/Libraries/libHeimdalProxy.dylib
0x000000019c894000 	/System/Library/PrivateFrameworks/CommonAuth.framework/Versions/A/CommonAuth
0x00000001ae507000 	/System/Library/PrivateFrameworks/AXCoreUtilities.framework/Versions/A/AXCoreUtilities
0x000000028b0cc000 	/usr/lib/libAXSafeCategoryBundle.dylib
0x000000023604a000 	/System/Library/Frameworks/TabularData.framework/Versions/A/TabularData
0x000000023ce98000 	/System/Library/PrivateFrameworks/ArgumentParserInternal.framework/Versions/A/ArgumentParserInternal
0x0000000197034000 	/System/Library/Frameworks/Accelerate.framework/Versions/A/Frameworks/vecLib.framework/Versions/A/libvDSP.dylib
0x00000001985a2000 	/System/Library/Frameworks/Accelerate.framework/Versions/A/Frameworks/vecLib.framework/Versions/A/libLAPACK.dylib
0x000000019756b000 	/System/Library/Frameworks/Accelerate.framework/Versions/A/Frameworks/vecLib.framework/Versions/A/libLinearAlgebra.dylib
0x0000000198499000 	/System/Library/Frameworks/Accelerate.framework/Versions/A/Frameworks/vecLib.framework/Versions/A/libSparseBLAS.dylib
0x000000019859d000 	/System/Library/Frameworks/Accelerate.framework/Versions/A/Frameworks/vecLib.framework/Versions/A/libQuadrature.dylib
0x0000000195fac000 	/System/Library/Frameworks/Accelerate.framework/Versions/A/Frameworks/vecLib.framework/Versions/A/libBNNS.dylib
0x00000001897ff000 	/System/Library/Frameworks/Accelerate.framework/Versions/A/Frameworks/vecLib.framework/Versions/A/libSparse.dylib
0x000000019c7f9000 	/System/Library/PrivateFrameworks/NetAuth.framework/Versions/A/NetAuth
0x0000000192e8e000 	/System/Library/PrivateFrameworks/login.framework/Versions/A/Frameworks/loginsupport.framework/Versions/A/loginsupport
0x00000001974d3000 	/usr/lib/libCheckFix.dylib
0x0000000192014000 	/System/Library/PrivateFrameworks/MetadataUtilities.framework/Versions/A/MetadataUtilities
0x000000025765c000 	/System/Library/PrivateFrameworks/InstalledContentLibrary.framework/Versions/A/InstalledContentLibrary
0x000000018c76a000 	/System/Library/PrivateFrameworks/CoreServicesStore.framework/Versions/A/CoreServicesStore
0x00000001c903f000 	/System/Library/PrivateFrameworks/MobileSystemServices.framework/Versions/A/MobileSystemServices
0x0000000199872000 	/usr/lib/libxslt.1.dylib
0x0000000197492000 	/System/Library/PrivateFrameworks/BackgroundTaskManagement.framework/Versions/A/BackgroundTaskManagement
0x00000001a4ca0000 	/usr/lib/libcurl.4.dylib
0x000000028bdd0000 	/usr/lib/libcrypto.46.dylib
0x000000028c96f000 	/usr/lib/libssl.48.dylib
0x00000001a497a000 	/System/Library/Frameworks/LDAP.framework/Versions/A/LDAP
0x00000001a49b6000 	/System/Library/PrivateFrameworks/TrustEvaluationAgent.framework/Versions/A/TrustEvaluationAgent
0x000000019c4be000 	/usr/lib/libsasl2.2.dylib
0x00000001b2630000 	/usr/lib/swift/libswiftCoreGraphics.dylib
0x00000001a132f000 	/usr/lib/swift/libswiftFoundation.dylib
0x00000001ecbed000 	/usr/lib/swift/libswiftSwiftOnoneSupport.dylib
0x000000028d01d000 	/usr/lib/swift/libswiftsys_time.dylib
0x00000001d7822000 	/System/Library/PrivateFrameworks/CoreMaterial.framework/Versions/A/CoreMaterial
0x000000028b5c8000 	/usr/lib/libSpatial.dylib
0x000000028afe9000 	/System/Library/SubFrameworks/UIUtilities.framework/Versions/A/UIUtilities
0x0000000105eb0000 	/Users/anthony/Library/Java/JavaVirtualMachines/jbr-21.0.11/Contents/Home/lib/server/libjvm.dylib
0x00000001002ec000 	/Users/anthony/Library/Java/JavaVirtualMachines/jbr-21.0.11/Contents/Home/lib/libjimage.dylib
0x0000000100318000 	/Users/anthony/Library/Java/JavaVirtualMachines/jbr-21.0.11/Contents/Home/lib/libinstrument.dylib
0x0000000100360000 	/Users/anthony/Library/Java/JavaVirtualMachines/jbr-21.0.11/Contents/Home/lib/libjava.dylib
0x0000000100458000 	/Users/anthony/Library/Java/JavaVirtualMachines/jbr-21.0.11/Contents/Home/lib/libzip.dylib
0x00000001008fc000 	/Users/anthony/Library/Java/JavaVirtualMachines/jbr-21.0.11/Contents/Home/lib/libnio.dylib
0x0000000100430000 	/Users/anthony/Library/Java/JavaVirtualMachines/jbr-21.0.11/Contents/Home/lib/libnet.dylib
0x0000000104f0c000 	/Users/anthony/Library/Java/JavaVirtualMachines/jbr-21.0.11/Contents/Home/lib/libextnet.dylib
0x0000000104f28000 	/Users/anthony/Library/Java/JavaVirtualMachines/jbr-21.0.11/Contents/Home/lib/libverify.dylib
0x0000000104fcc000 	/Users/anthony/Library/Java/JavaVirtualMachines/jbr-21.0.11/Contents/Home/lib/libawt.dylib
0x0000000105074000 	/Users/anthony/Library/Java/JavaVirtualMachines/jbr-21.0.11/Contents/Home/lib/libmlib_image.dylib
0x0000000230e17000 	/System/Library/Frameworks/JavaRuntimeSupport.framework/Versions/A/JavaRuntimeSupport
0x00000001b415c000 	/System/Library/Frameworks/Carbon.framework/Versions/A/Carbon
0x00000001aa31e000 	/System/Library/Frameworks/Carbon.framework/Versions/A/Frameworks/CommonPanels.framework/Versions/A/CommonPanels
0x00000001a4c8b000 	/System/Library/Frameworks/Carbon.framework/Versions/A/Frameworks/Help.framework/Versions/A/Help
0x00000001aa322000 	/System/Library/Frameworks/Carbon.framework/Versions/A/Frameworks/ImageCapture.framework/Versions/A/ImageCapture
0x00000001aa2fd000 	/System/Library/Frameworks/Carbon.framework/Versions/A/Frameworks/OpenScripting.framework/Versions/A/OpenScripting
0x00000001aa31d000 	/System/Library/Frameworks/Carbon.framework/Versions/A/Frameworks/Ink.framework/Versions/A/Ink
0x00000001aa31a000 	/System/Library/Frameworks/Carbon.framework/Versions/A/Frameworks/SecurityHI.framework/Versions/A/SecurityHI
0x000000028b43c000 	/usr/lib/libInterpreterSecurity.dylib
0x00000001cadbc000 	/System/Library/PrivateFrameworks/XprotectFramework.framework/Versions/A/XprotectFramework
0x00000001ad918000 	/System/Library/PrivateFrameworks/yara.framework/Versions/A/yara
0x000000028b3b9000 	/usr/lib/libEndpointSecuritySystem.dylib
0x0000000105284000 	/Users/anthony/Library/Java/JavaVirtualMachines/jbr-21.0.11/Contents/Home/lib/libawt_lwawt.dylib
0x0000000104f7c000 	/Users/anthony/Library/Java/JavaVirtualMachines/jbr-21.0.11/Contents/Home/lib/libosxapp.dylib
0x00000001b2699000 	/System/Library/Frameworks/ExceptionHandling.framework/Versions/A/ExceptionHandling
0x0000000105420000 	/Users/anthony/Library/Java/JavaVirtualMachines/jbr-21.0.11/Contents/Home/lib/libfontmanager.dylib
0x0000000105190000 	/Users/anthony/Library/Java/JavaVirtualMachines/jbr-21.0.11/Contents/Home/lib/libfreetype.dylib
0x000000022e1e1000 	/System/Library/Frameworks/AppIntents.framework/Versions/A/AppIntents
0x00000002347a2000 	/System/Library/Frameworks/RelevanceKit.framework/Versions/A/RelevanceKit
0x000000019807f000 	/System/Library/Frameworks/CoreSpotlight.framework/Versions/A/CoreSpotlight
0x000000025bb8e000 	/System/Library/PrivateFrameworks/LinkServices.framework/Versions/A/LinkServices
0x00000001a15f4000 	/System/Library/Frameworks/Contacts.framework/Versions/A/Contacts
0x000000023a862000 	/System/Library/PrivateFrameworks/AppIntentsTypeSupport.framework/Versions/A/AppIntentsTypeSupport
0x000000024893d000 	/System/Library/PrivateFrameworks/DoNotDisturb.framework/Versions/A/DoNotDisturb
0x000000025b9dc000 	/System/Library/PrivateFrameworks/LinkMetadata.framework/Versions/A/LinkMetadata
0x00000001b57a2000 	/usr/lib/swift/libswiftIntents.dylib
0x00000001bab31000 	/System/Library/PrivateFrameworks/IntentsCore.framework/Versions/A/IntentsCore
0x000000023d7a8000 	/System/Library/PrivateFrameworks/AvailabilityKit.framework/Versions/A/AvailabilityKit
0x000000023a445000 	/System/Library/PrivateFrameworks/AppIntentSchemas.framework/Versions/A/AppIntentSchemas
0x000000023032e000 	/System/Library/Frameworks/GeoToolbox.framework/Versions/A/GeoToolbox
0x00000002502dc000 	/System/Library/PrivateFrameworks/GRDBInternal.framework/Versions/A/GRDBInternal
0x00000002789c7000 	/System/Library/PrivateFrameworks/StatusKit.framework/Versions/A/StatusKit
0x00000001a140b000 	/System/Library/PrivateFrameworks/ContactsPersistence.framework/Versions/A/ContactsPersistence
0x00000001a055f000 	/System/Library/PrivateFrameworks/AppleLDAP.framework/Versions/A/AppleLDAP
0x00000001a503e000 	/System/Library/Frameworks/ClassKit.framework/Versions/A/ClassKit
0x00000001a72ed000 	/System/Library/PrivateFrameworks/CoreSuggestions.framework/Versions/A/CoreSuggestions
0x00000001a1330000 	/System/Library/PrivateFrameworks/ContactsFoundation.framework/Versions/A/ContactsFoundation
0x00000001a2ac7000 	/System/Library/PrivateFrameworks/vCard.framework/Versions/A/vCard
0x000000024130d000 	/System/Library/PrivateFrameworks/ContactsMetrics.framework/Versions/A/ContactsMetrics
0x0000000199f67000 	/System/Library/PrivateFrameworks/login.framework/Versions/A/login
0x000000025ffc2000 	/System/Library/PrivateFrameworks/ManagedOrganizationContacts.framework/Versions/A/ManagedOrganizationContacts
0x0000000193324000 	/System/Library/PrivateFrameworks/CloudDocs.framework/Versions/A/CloudDocs
0x00000001adebb000 	/System/Library/PrivateFrameworks/ProactiveEventTracker.framework/Versions/A/ProactiveEventTracker
0x00000001a1f11000 	/System/Library/PrivateFrameworks/GenerationalStorage.framework/Versions/A/GenerationalStorage
0x000000019c98a000 	/System/Library/PrivateFrameworks/CacheDelete.framework/Versions/A/CacheDelete
0x00000001a574b000 	/System/Library/Frameworks/QuickLookThumbnailing.framework/Versions/A/QuickLookThumbnailing
0x00000001a1d3a000 	/System/Library/Frameworks/FileProvider.framework/Versions/A/FileProvider
0x000000018e1f6000 	/System/Library/PrivateFrameworks/DesktopServicesPriv.framework/Versions/A/DesktopServicesPriv
0x00000001b51fd000 	/System/Library/PrivateFrameworks/FTServices.framework/Versions/A/FTServices
0x00000001ad5ac000 	/System/Library/PrivateFrameworks/CloudServices.framework/Versions/A/CloudServices
0x00000001947de000 	/System/Library/Frameworks/CoreLocation.framework/Versions/A/CoreLocation
0x00000001a3dcb000 	/System/Library/Frameworks/Intents.framework/Versions/A/Intents
0x0000000197ca7000 	/System/Library/PrivateFrameworks/AuthKit.framework/Versions/A/AuthKit
0x00000001bc0b5000 	/usr/lib/swift/libswiftCoreLocation.dylib
0x000000019df4a000 	/System/Library/PrivateFrameworks/Sharing.framework/Versions/A/Sharing
0x000000019d8cf000 	/System/Library/PrivateFrameworks/IDSFoundation.framework/Versions/A/IDSFoundation
0x00000001a4444000 	/System/Library/PrivateFrameworks/Apple80211.framework/Versions/A/Apple80211
0x00000001971e0000 	/System/Library/Frameworks/CoreWLAN.framework/Versions/A/CoreWLAN
0x000000019c0b2000 	/System/Library/PrivateFrameworks/IMFoundation.framework/Versions/A/IMFoundation
0x00000001ad917000 	/System/Library/PrivateFrameworks/Marco.framework/Versions/A/Marco
0x00000001905c0000 	/System/Library/PrivateFrameworks/CommonUtilities.framework/Versions/A/CommonUtilities
0x00000001aa2e5000 	/System/Library/PrivateFrameworks/Engram.framework/Versions/A/Engram
0x000000028591b000 	/System/Library/PrivateFrameworks/XPCDistributed.framework/Versions/A/XPCDistributed
0x00000001aa283000 	/usr/lib/libtidy.A.dylib
0x000000019a1ba000 	/System/Library/PrivateFrameworks/Bom.framework/Versions/A/Bom
0x000000019c4de000 	/usr/lib/libParallelCompression.dylib
0x000000019c4d1000 	/System/Library/PrivateFrameworks/MultiverseSupport.framework/Versions/A/MultiverseSupport
0x00000001a1c18000 	/System/Library/PrivateFrameworks/DiskManagement.framework/Versions/A/DiskManagement
0x00000001a1b27000 	/System/Library/PrivateFrameworks/AppleIDAuthSupport.framework/Versions/A/AppleIDAuthSupport
0x00000002378df000 	/System/Library/PrivateFrameworks/AAAFoundation.framework/Versions/A/AAAFoundation
0x000000019c9d9000 	/System/Library/PrivateFrameworks/KeychainCircle.framework/Versions/A/KeychainCircle
0x00000001ae4fd000 	/System/Library/PrivateFrameworks/URLFormatting.framework/Versions/A/URLFormatting
0x00000001a4c94000 	/usr/lib/libcsfde.dylib
0x0000000199b58000 	/usr/lib/libCoreStorage.dylib
0x000000019e429000 	/System/Library/PrivateFrameworks/ProtectedCloudStorage.framework/Versions/A/ProtectedCloudStorage
0x00000001a4c8f000 	/System/Library/PrivateFrameworks/EFILogin.framework/Versions/A/EFILogin
0x00000001a1f38000 	/System/Library/PrivateFrameworks/OctagonTrust.framework/Versions/A/OctagonTrust
0x000000019d6a9000 	/System/Library/PrivateFrameworks/IDS.framework/Versions/A/IDS
0x00000001a2b9b000 	/System/Library/Frameworks/LocalAuthentication.framework/Versions/A/LocalAuthentication
0x000000025bdcc000 	/System/Library/PrivateFrameworks/LocalAuthenticationCore.framework/Versions/A/LocalAuthenticationCore
0x000000025bf94000 	/System/Library/PrivateFrameworks/LocalAuthenticationCredentialServices.framework/Versions/A/LocalAuthenticationCredentialServices
0x00000001a2c08000 	/System/Library/Frameworks/LocalAuthentication.framework/Support/SharedUtils.framework/Versions/A/SharedUtils
0x000000023d153000 	/System/Library/PrivateFrameworks/AsyncAlgorithmsInternal.framework/Versions/A/AsyncAlgorithmsInternal
0x00000001c4195000 	/System/Library/PrivateFrameworks/FTAWD.framework/Versions/A/FTAWD
0x00000001a56d3000 	/System/Library/PrivateFrameworks/IntentsFoundation.framework/Versions/A/IntentsFoundation
0x0000000192e91000 	/System/Library/PrivateFrameworks/ApplePushService.framework/Versions/A/ApplePushService
0x0000000192efc000 	/System/Library/Frameworks/CloudKit.framework/Versions/A/CloudKit
0x00000001cc1c9000 	/System/Library/PrivateFrameworks/DeviceIdentity.framework/Versions/A/DeviceIdentity
0x0000000234c2c000 	/System/Library/Frameworks/SharedWithYouCore.framework/Versions/A/SharedWithYouCore
0x000000024079b000 	/System/Library/PrivateFrameworks/CloudTelemetry.framework/Versions/A/CloudTelemetry
0x00000001a5106000 	/System/Library/PrivateFrameworks/AppleAccount.framework/Versions/A/AppleAccount
0x00000001a56ee000 	/System/Library/PrivateFrameworks/C2.framework/Versions/A/C2
0x00000002403ef000 	/System/Library/PrivateFrameworks/CloudCoreInternal.framework/Versions/A/CloudCoreInternal
0x0000000240157000 	/System/Library/PrivateFrameworks/CloudAsset.framework/Versions/A/CloudAsset
0x00000001a56e4000 	/System/Library/Frameworks/PushKit.framework/Versions/A/PushKit
0x00000002407c0000 	/System/Library/PrivateFrameworks/CloudTelemetryTools.framework/Versions/A/CloudTelemetryTools
0x00000002407b1000 	/System/Library/PrivateFrameworks/CloudTelemetryShared.dylib
0x00000001a75c4000 	/System/Library/PrivateFrameworks/RTCReporting.framework/Versions/A/RTCReporting
0x0000000237902000 	/System/Library/PrivateFrameworks/AAAFoundationSwift.framework/Versions/A/AAAFoundationSwift
0x00000001a538c000 	/System/Library/PrivateFrameworks/AppleIDSSOAuthentication.framework/Versions/A/AppleIDSSOAuthentication
0x0000000192b2b000 	/System/Library/PrivateFrameworks/ViewBridge.framework/Versions/A/ViewBridge
0x0000000236eb5000 	/System/Library/Frameworks/_AppIntents_AppKit.framework/Versions/A/_AppIntents_AppKit
0x0000000104fb8000 	/usr/lib/libobjc-trampolines.dylib
0x00000001bf6c7000 	/System/Library/CoreServices/RawCamera.bundle/Contents/MacOS/RawCamera
0x00000001bc09a000 	/System/Library/Frameworks/Accelerate.framework/Versions/A/Frameworks/vImage.framework/Versions/A/Libraries/libCGInterfaces.dylib
0x000000028b0d0000 	/usr/lib/libAccessibilityBaseImplementations.dylib
0x0000000285419000 	/System/Library/PrivateFrameworks/WritingToolsUI.framework/Versions/A/WritingToolsUI
0x0000000253265000 	/System/Library/PrivateFrameworks/GenerativeAssistantSettings.framework/Versions/A/GenerativeAssistantSettings
0x000000027a734000 	/System/Library/PrivateFrameworks/TextComposer.framework/Versions/A/TextComposer
0x0000000253238000 	/System/Library/PrivateFrameworks/GenerativeAssistantCommon.framework/Versions/A/GenerativeAssistantCommon
0x00000001bd1ae000 	/System/Library/Frameworks/SwiftUI.framework/Versions/A/SwiftUI
0x000000023a162000 	/System/Library/PrivateFrameworks/Anvil.framework/Versions/A/Anvil
0x00000002536ec000 	/System/Library/PrivateFrameworks/GenerativePartnerService.framework/Versions/A/GenerativePartnerService
0x0000000253717000 	/System/Library/PrivateFrameworks/GenerativePartnerServiceUI.framework/Versions/A/GenerativePartnerServiceUI
0x00000001b5399000 	/System/Library/Frameworks/SafariServices.framework/Versions/A/SafariServices
0x00000001b2729000 	/System/Library/Frameworks/WebKit.framework/Versions/A/WebKit
0x0000000236ef4000 	/System/Library/Frameworks/_AuthenticationServices_SwiftUI.framework/Versions/A/_AuthenticationServices_SwiftUI
0x00000001bc72d000 	/System/Library/PrivateFrameworks/AppStoreDaemon.framework/Versions/A/AppStoreDaemon
0x00000001a7c73000 	/System/Library/PrivateFrameworks/AppleMediaServices.framework/Versions/A/AppleMediaServices
0x00000001b8940000 	/System/Library/PrivateFrameworks/AppleMediaServicesUI.framework/Versions/A/AppleMediaServicesUI
0x00000001ec147000 	/System/Library/PrivateFrameworks/JetEngine.framework/Versions/A/JetEngine
0x00000001b607b000 	/System/Library/PrivateFrameworks/OnBoardingKit.framework/Versions/A/OnBoardingKit
0x000000026fa8b000 	/System/Library/PrivateFrameworks/Settings.framework/Versions/A/Settings
0x000000022fbb0000 	/System/Library/Frameworks/ExtensionKit.framework/Versions/A/ExtensionKit
0x000000022fbf3000 	/System/Library/Frameworks/FSKit.framework/Versions/A/FSKit
0x000000027a610000 	/System/Library/PrivateFrameworks/TextAnimationSupport.framework/Versions/A/TextAnimationSupport
0x000000026cbb8000 	/System/Library/PrivateFrameworks/RecapPerformanceTesting.framework/Versions/A/RecapPerformanceTesting
0x00000001b606b000 	/System/Library/PrivateFrameworks/SignpostCollection.framework/Versions/A/SignpostCollection
0x00000001a75f5000 	/System/Library/Frameworks/WebKit.framework/Versions/A/Frameworks/WebKitLegacy.framework/Versions/A/WebKitLegacy
0x00000001a53dd000 	/System/Library/PrivateFrameworks/CorePrediction.framework/Versions/A/CorePrediction
0x0000000193c33000 	/System/Library/Frameworks/WebKit.framework/Versions/A/Frameworks/WebCore.framework/Versions/A/Frameworks/libwebrtc.dylib
0x000000019c546000 	/System/Library/Frameworks/SecurityInterface.framework/Versions/A/SecurityInterface
0x00000001b607a000 	/System/Library/PrivateFrameworks/WebInspectorUI.framework/Versions/A/WebInspectorUI
0x00000001aa325000 	/System/Library/Frameworks/JavaScriptCore.framework/Versions/A/JavaScriptCore
0x00000001ae64a000 	/System/Library/Frameworks/WebKit.framework/Versions/A/Frameworks/WebCore.framework/Versions/A/WebCore
0x000000022ecb2000 	/System/Library/Frameworks/BrowserEngineCore.framework/Versions/A/BrowserEngineCore
0x0000000236a6d000 	/System/Library/Frameworks/WebKit.framework/Versions/A/Frameworks/WebCore.framework/Versions/A/Frameworks/libANGLE-shared.dylib
0x0000000283c65000 	/System/Library/PrivateFrameworks/WebGPU.framework/Versions/A/WebGPU
0x00000001b7fbb000 	/System/Library/Frameworks/SceneKit.framework/Versions/A/SceneKit
0x00000001c98fc000 	/System/Library/Frameworks/ModelIO.framework/Versions/A/ModelIO
0x000000019e529000 	/System/Library/Frameworks/MetalKit.framework/Versions/A/MetalKit
0x00000001a086d000 	/System/Library/Frameworks/GLKit.framework/Versions/A/GLKit
0x000000028d370000 	/usr/lib/usd/libusd_ms.dylib
0x000000027ee21000 	/System/Library/PrivateFrameworks/USDLib_FormatLoaderProxy.framework/Versions/A/USDLib_FormatLoaderProxy
0x000000028d018000 	/usr/lib/swift/libswift_errno.dylib
0x00000001b51de000 	/System/Library/PrivateFrameworks/CoreOptimization.framework/Versions/A/CoreOptimization
0x000000023d655000 	/System/Library/PrivateFrameworks/AuthenticationServicesCore.framework/Versions/A/AuthenticationServicesCore
0x00000001bfb5f000 	/System/Library/Frameworks/AuthenticationServices.framework/Versions/A/AuthenticationServices
0x0000000199aeb000 	/System/Library/PrivateFrameworks/SharedWebCredentials.framework/Versions/A/SharedWebCredentials
0x00000001b6f45000 	/System/Library/PrivateFrameworks/SafariCore.framework/Versions/A/SafariCore
0x00000001bf670000 	/System/Library/PrivateFrameworks/SafariFoundation.framework/Versions/A/SafariFoundation
0x000000023e9a8000 	/System/Library/PrivateFrameworks/CBORLibrary.framework/Versions/A/CBORLibrary
0x000000023fa0a000 	/System/Library/PrivateFrameworks/Chirp.framework/Versions/A/Chirp
0x000000024065e000 	/System/Library/PrivateFrameworks/CloudSubscriptionFeatures.framework/Versions/A/CloudSubscriptionFeatures
0x00000001ed588000 	/System/Library/PrivateFrameworks/RemoteManagement.framework/Versions/A/RemoteManagement
0x000000026cfa7000 	/System/Library/PrivateFrameworks/RemoteManagementModel.framework/Versions/A/RemoteManagementModel
0x000000026d038000 	/System/Library/PrivateFrameworks/RemoteManagementStore.framework/Versions/A/RemoteManagementStore
0x000000019e548000 	/usr/lib/libxcselect.dylib
0x00000001bf5df000 	/System/Library/PrivateFrameworks/DifferentialPrivacy.framework/Versions/A/DifferentialPrivacy
0x000000025ffc8000 	/System/Library/PrivateFrameworks/ManagedSettingsObjC.framework/Versions/A/ManagedSettingsObjC
0x00000001a67cc000 	/System/Library/PrivateFrameworks/ConfigurationProfiles.framework/Versions/A/ConfigurationProfiles
0x000000025c01e000 	/System/Library/PrivateFrameworks/LockdownMode.framework/Versions/A/LockdownMode
0x000000027fae3000 	/System/Library/PrivateFrameworks/VDAF.framework/Versions/A/VDAF
0x00000001a0c54000 	/System/Library/PrivateFrameworks/SystemAdministration.framework/Versions/A/SystemAdministration
0x00000001abe1c000 	/System/Library/PrivateFrameworks/PowerlogControl.framework/Versions/A/PowerlogControl
0x00000001abe1e000 	/usr/lib/libUniversalAccess.dylib
0x00000001a8743000 	/System/Library/PrivateFrameworks/FamilyControls.framework/Versions/A/FamilyControls
0x00000001a0533000 	/System/Library/Frameworks/DirectoryService.framework/Versions/A/DirectoryService
0x00000001a4d21000 	/System/Library/PrivateFrameworks/LoginUIKit.framework/Versions/A/Frameworks/LoginUICore.framework/Versions/A/LoginUICore
0x000000019a1b8000 	/usr/lib/libodfde.dylib
0x00000001a873d000 	/System/Library/PrivateFrameworks/UniversalAccess.framework/Versions/A/Libraries/libUAPreferences.dylib
0x00000001a8765000 	/System/Library/PrivateFrameworks/CommerceKit.framework/Versions/A/Frameworks/CommerceCore.framework/Versions/A/CommerceCore
0x000000019c580000 	/System/Library/PrivateFrameworks/CoreFollowUp.framework/Versions/A/CoreFollowUp
0x00000002479db000 	/System/Library/PrivateFrameworks/DMCUtilities.framework/Versions/A/DMCUtilities
0x000000025c0ad000 	/System/Library/PrivateFrameworks/MDMClientLibrary.framework/Versions/A/MDMClientLibrary
0x000000026d02c000 	/System/Library/PrivateFrameworks/RemoteManagementProtocol.framework/Versions/A/RemoteManagementProtocol
0x000000024793d000 	/System/Library/PrivateFrameworks/DEPClientLibrary.framework/Versions/A/DEPClientLibrary
0x000000024796a000 	/System/Library/PrivateFrameworks/DMCEnrollmentLibrary.framework/Versions/A/DMCEnrollmentLibrary
0x00000001abf03000 	/System/Library/PrivateFrameworks/SetupAssistantFramework.framework/Versions/A/SetupAssistantFramework
0x00000001a5433000 	/System/Library/PrivateFrameworks/AuthKitUI.framework/Versions/A/AuthKitUI
0x00000001a4d6b000 	/System/Library/PrivateFrameworks/AppSSO.framework/Versions/A/AppSSO
0x00000001bc480000 	/System/Library/PrivateFrameworks/LocalAuthenticationUI.framework/Versions/A/LocalAuthenticationUI
0x000000026a541000 	/System/Library/PrivateFrameworks/PlatformSSO.framework/Versions/A/PlatformSSO
0x000000026a62f000 	/System/Library/PrivateFrameworks/PlatformSSOCore.framework/Versions/A/PlatformSSOCore
0x0000000230ea7000 	/System/Library/Frameworks/LocalAuthenticationEmbeddedUI.framework/Versions/A/LocalAuthenticationEmbeddedUI
0x00000001bcf78000 	/System/Library/PrivateFrameworks/AOSUI.framework/Versions/A/AOSUI
0x00000001adc7c000 	/System/Library/Frameworks/ContactsUI.framework/Versions/A/ContactsUI
0x00000001a18b3000 	/System/Library/PrivateFrameworks/FamilyCircle.framework/Versions/A/FamilyCircle
0x00000001cb1cb000 	/System/Library/Frameworks/LinkPresentation.framework/Versions/A/LinkPresentation
0x00000001ad7fc000 	/System/Library/PrivateFrameworks/IASUtilities.framework/Versions/A/IASUtilities
0x0000000256a9f000 	/System/Library/PrivateFrameworks/IASUtilitiesCore.framework/Versions/A/IASUtilitiesCore
0x000000026d0a1000 	/System/Library/PrivateFrameworks/RemoteUI.framework/Versions/A/RemoteUI
0x000000025b331000 	/System/Library/PrivateFrameworks/LiftUI.framework/Versions/A/LiftUI
0x0000000285a40000 	/System/Library/PrivateFrameworks/_IconServices_SwiftUI.framework/Versions/A/_IconServices_SwiftUI
0x0000000240594000 	/System/Library/PrivateFrameworks/CloudSettings.framework/Versions/A/CloudSettings
0x00000001a73c0000 	/System/Library/Frameworks/EventKit.framework/Versions/A/EventKit
0x00000001b6294000 	/System/Library/PrivateFrameworks/SearchFoundation.framework/Versions/A/SearchFoundation
0x00000001cd332000 	/System/Library/PrivateFrameworks/Email.framework/Versions/A/Email
0x00000001b4ded000 	/System/Library/PrivateFrameworks/CoreRoutine.framework/Versions/A/CoreRoutine
0x00000001ecee1000 	/System/Library/PrivateFrameworks/VoiceShortcutClient.framework/Versions/A/VoiceShortcutClient
0x00000001c4d76000 	/System/Library/PrivateFrameworks/Categories.framework/Versions/A/Categories
0x00000001bce1c000 	/System/Library/PrivateFrameworks/ChronoServices.framework/Versions/A/ChronoServices
0x000000023f441000 	/System/Library/PrivateFrameworks/CalendarDatabase.framework/Versions/A/CalendarDatabase
0x000000023f382000 	/System/Library/PrivateFrameworks/CalendarDaemon.framework/Versions/A/CalendarDaemon
0x00000001a6707000 	/System/Library/PrivateFrameworks/CalendarFoundation.framework/Versions/A/CalendarFoundation
0x00000001a66c2000 	/System/Library/PrivateFrameworks/iCalendar.framework/Versions/A/iCalendar
0x0000000247be0000 	/System/Library/PrivateFrameworks/DataAccessExpress.framework/Versions/A/DataAccessExpress
0x00000001adde4000 	/System/Library/PrivateFrameworks/ContactsAutocomplete.framework/Versions/A/ContactsAutocomplete
0x00000001bcd68000 	/System/Library/PrivateFrameworks/FTClientServices.framework/Versions/A/FTClientServices
0x0000000279051000 	/System/Library/PrivateFrameworks/StorageContainersPrivate.framework/Versions/A/StorageContainersPrivate
0x000000028cca7000 	/usr/lib/swift/libswiftCoreMediaIO.dylib
0x00000001ad67d000 	/System/Library/PrivateFrameworks/CoreDAV.framework/Versions/A/CoreDAV
0x00000001a728a000 	/System/Library/PrivateFrameworks/CalDAV.framework/Versions/A/CalDAV
0x00000001b237e000 	/System/Library/PrivateFrameworks/TelephonyUtilities.framework/Versions/A/TelephonyUtilities
0x0000000230e63000 	/System/Library/Frameworks/LiveCommunicationKit.framework/Versions/A/LiveCommunicationKit
0x0000000240eb9000 	/System/Library/PrivateFrameworks/CommunicationTrust.framework/Versions/A/CommunicationTrust
0x00000001b6d54000 	/System/Library/Frameworks/CallKit.framework/Versions/A/CallKit
0x00000001a18ac000 	/System/Library/PrivateFrameworks/CommunicationsFilter.framework/Versions/A/CommunicationsFilter
0x00000001e1b3e000 	/System/Library/PrivateFrameworks/IMTransferServices.framework/Versions/A/IMTransferServices
0x00000001b51f7000 	/System/Library/PrivateFrameworks/IncomingCallFilter.framework/Versions/A/IncomingCallFilter
0x00000002652f9000 	/System/Library/PrivateFrameworks/NeighborhoodActivityConduit.framework/Versions/A/NeighborhoodActivityConduit
0x00000001b9307000 	/System/Library/PrivateFrameworks/CallHistory.framework/Versions/A/CallHistory
0x000000028b249000 	/usr/lib/libBASupport.dylib
0x000000023f888000 	/System/Library/PrivateFrameworks/CallsUtilities.framework/Versions/A/CallsUtilities
0x000000023f894000 	/System/Library/PrivateFrameworks/CallsXPC.framework/Versions/A/CallsXPC
0x00000001ed6f3000 	/usr/lib/swift/libswiftCallKit.dylib
0x000000023f87a000 	/System/Library/PrivateFrameworks/CallsPersistence.framework/Versions/A/CallsPersistence
0x0000000234a7a000 	/System/Library/Frameworks/SensitiveContentAnalysis.framework/Versions/A/SensitiveContentAnalysis
0x00000001ba385000 	/System/Library/PrivateFrameworks/PeopleSuggester.framework/Versions/A/PeopleSuggester
0x00000001c3af0000 	/System/Library/PrivateFrameworks/SpotlightReceiver.framework/Versions/A/SpotlightReceiver
0x0000000285a00000 	/System/Library/PrivateFrameworks/_AppIntentsServices_AppIntents.framework/Versions/A/_AppIntentsServices_AppIntents
0x000000023a5c7000 	/System/Library/PrivateFrameworks/AppIntentsServices.framework/Versions/A/AppIntentsServices
0x00000001a66ab000 	/System/Library/PrivateFrameworks/CoreRecents.framework/Versions/A/CoreRecents
0x0000000236f77000 	/System/Library/Frameworks/_GeoToolbox_AppIntents.framework/Versions/A/_GeoToolbox_AppIntents
0x00000001d71c8000 	/System/Library/PrivateFrameworks/DiagnosticRequest.framework/Versions/A/DiagnosticRequest
0x000000026cc69000 	/System/Library/PrivateFrameworks/RegulatoryDomain.framework/Versions/A/RegulatoryDomain
0x00000001a0946000 	/usr/lib/libCTGreenTeaLogger.dylib
0x000000025bff1000 	/System/Library/PrivateFrameworks/LocalStatusKit.framework/Versions/A/LocalStatusKit
0x00000001b2265000 	/System/Library/PrivateFrameworks/CoreParsec.framework/Versions/A/CoreParsec
0x00000001cd326000 	/System/Library/PrivateFrameworks/EmailAddressing.framework/Versions/A/EmailAddressing
0x00000001c9105000 	/System/Library/PrivateFrameworks/EmailCore.framework/Versions/A/EmailCore
0x00000001ca1fa000 	/System/Library/PrivateFrameworks/EmailFoundation.framework/Versions/A/EmailFoundation
0x0000000267e17000 	/System/Library/PrivateFrameworks/PegasusAPI.framework/Versions/A/PegasusAPI
0x0000000268bd3000 	/System/Library/PrivateFrameworks/PegasusConfiguration.framework/Versions/A/PegasusConfiguration
0x000000027d24e000 	/System/Library/PrivateFrameworks/ToolKit.framework/Versions/A/ToolKit
0x000000026d45b000 	/System/Library/PrivateFrameworks/ReplicatorEngine.framework/Versions/A/ReplicatorEngine
0x000000026d616000 	/System/Library/PrivateFrameworks/ReplicatorServices.framework/Versions/A/ReplicatorServices
0x0000000279ed4000 	/System/Library/PrivateFrameworks/SystemWake.framework/Versions/A/SystemWake
0x00000001b6f2b000 	/System/Library/PrivateFrameworks/ContextKit.framework/Versions/A/ContextKit
0x0000000241457000 	/System/Library/PrivateFrameworks/ContextKitCore.framework/Versions/A/ContextKitCore
0x00000001b548e000 	/System/Library/Frameworks/LocalAuthentication.framework/Support/DaemonUtils.framework/Versions/A/DaemonUtils
0x000000025bf53000 	/System/Library/PrivateFrameworks/LocalAuthenticationCoreUI.framework/Versions/A/LocalAuthenticationCoreUI
0x00000001b8906000 	/System/Library/PrivateFrameworks/BridgeXPC.framework/Versions/A/BridgeXPC
0x00000001b615b000 	/System/Library/PrivateFrameworks/CoreKDL.framework/Versions/A/CoreKDL
0x00000001b4781000 	/System/Library/PrivateFrameworks/EmbeddedOSSupportHost.framework/Versions/A/EmbeddedOSSupportHost
0x00000001a929f000 	/System/Library/PrivateFrameworks/LoginUIKit.framework/Versions/A/LoginUIKit
0x00000001c5276000 	/System/Library/PrivateFrameworks/StorageKit.framework/Versions/A/StorageKit
0x000000022c3b6000 	/System/Library/Frameworks/DeviceCheck.framework/Versions/A/DeviceCheck
0x00000002485e8000 	/System/Library/PrivateFrameworks/DiskImages2.framework/Versions/A/DiskImages2
0x00000001c52f0000 	/System/Library/PrivateFrameworks/CoreWLANKit.framework/Versions/A/CoreWLANKit
0x0000000282fbb000 	/System/Library/PrivateFrameworks/Wallpaper.framework/Versions/A/Wallpaper
0x000000028ccc2000 	/usr/lib/swift/libswiftGLKit.dylib
0x000000028ccce000 	/usr/lib/swift/libswiftMetalKit.dylib
0x000000028ccd0000 	/usr/lib/swift/libswiftModelIO.dylib
0x000000028cd93000 	/usr/lib/swift/libswiftSceneKit.dylib
0x00000001ce2ae000 	/System/Library/PrivateFrameworks/DynamicDesktop.framework/Versions/A/DynamicDesktop
0x000000028314e000 	/System/Library/PrivateFrameworks/WallpaperFoundation.framework/Versions/A/WallpaperFoundation
0x00000002831ad000 	/System/Library/PrivateFrameworks/WallpaperTypes.framework/Versions/A/WallpaperTypes
0x00000001e3934000 	/System/Library/PrivateFrameworks/SystemDesktopAppearance.framework/Versions/A/SystemDesktopAppearance
0x0000000288b11000 	/System/Library/PrivateFrameworks/icloudMCCKit.framework/Versions/A/icloudMCCKit
0x000000023b913000 	/System/Library/PrivateFrameworks/AppleAccountUI.framework/Versions/A/AppleAccountUI
0x00000001d77ee000 	/System/Library/PrivateFrameworks/PreferencePanesSupport.framework/Versions/A/PreferencePanesSupport
0x00000001bd126000 	/System/Library/PrivateFrameworks/FindMyDeviceUI.framework/Versions/A/FindMyDeviceUI
0x00000002866e8000 	/System/Library/PrivateFrameworks/iCloudQuotaUI.framework/Versions/A/iCloudQuotaUI
0x00000001d799f000 	/System/Library/PrivateFrameworks/CoreCDPUI.framework/Versions/A/CoreCDPUI
0x00000001b6c84000 	/System/Library/PrivateFrameworks/CoreFollowUpUI.framework/Versions/A/CoreFollowUpUI
0x00000001c3d74000 	/System/Library/PrivateFrameworks/IMCore.framework/Versions/A/IMCore
0x00000001abe83000 	/System/Library/PrivateFrameworks/CoreCDP.framework/Versions/A/CoreCDP
0x00000001a7c5e000 	/System/Library/PrivateFrameworks/AskPermission.framework/Versions/A/AskPermission
0x00000001baaa5000 	/System/Library/Frameworks/Quartz.framework/Versions/A/Quartz
0x00000001c77db000 	/System/Library/PrivateFrameworks/CloudPhotoServicesConfiguration.framework/Versions/A/CloudPhotoServicesConfiguration
0x00000001b9127000 	/System/Library/PrivateFrameworks/CommerceKit.framework/Versions/A/CommerceKit
0x00000001c91d7000 	/System/Library/PrivateFrameworks/FindMyMac.framework/Versions/A/FindMyMac
0x00000001c90a7000 	/System/Library/Frameworks/PreferencePanes.framework/Versions/A/PreferencePanes
0x00000001bc56e000 	/System/Library/Frameworks/AddressBook.framework/Versions/A/AddressBook
0x00000001a6af1000 	/System/Library/PrivateFrameworks/AOSAccounts.framework/Versions/A/AOSAccounts
0x00000001a0c4e000 	/System/Library/PrivateFrameworks/AppleSRP.framework/Versions/A/AppleSRP
0x00000001a561e000 	/System/Library/PrivateFrameworks/NetFSServer.framework/Versions/A/NetFSServer
0x00000001b7e92000 	/System/Library/Frameworks/PDFKit.framework/Versions/A/PDFKit
0x000000028cce6000 	/usr/lib/swift/libswiftPassKit.dylib
0x00000001dba7e000 	/System/Library/Frameworks/PassKit.framework/Versions/A/PassKit
0x00000001a93ae000 	/System/Library/PrivateFrameworks/PassKitCore.framework/Versions/A/PassKitCore
0x0000000267730000 	/System/Library/PrivateFrameworks/PassKitMacHelperTemp.framework/Versions/A/PassKitMacHelperTemp
0x000000028b1a4000 	/usr/lib/libAppleSSE.dylib
0x00000001b54d6000 	/System/Library/PrivateFrameworks/BiometricKit.framework/Versions/A/BiometricKit
0x000000026dc74000 	/System/Library/PrivateFrameworks/SEService.framework/Versions/A/SEService
0x000000022fcbd000 	/System/Library/Frameworks/FinanceKit.framework/Versions/A/FinanceKit
0x00000001bab51000 	/System/Library/PrivateFrameworks/NearField.framework/Versions/A/NearField
0x000000026dbeb000 	/System/Library/PrivateFrameworks/SESShared.framework/Versions/A/SESShared
0x000000026dedd000 	/System/Library/PrivateFrameworks/STSXPCHelperClient.framework/Versions/A/STSXPCHelperClient
0x00000001bc988000 	/usr/lib/libnfshared.dylib
0x0000000279c54000 	/System/Library/PrivateFrameworks/Symptoms.framework/Versions/A/Frameworks/SymptomPresentationFeed.framework/Versions/A/SymptomPresentationFeed
0x000000023c3eb000 	/System/Library/PrivateFrameworks/AppleMediaServicesKitInternal.framework/Versions/A/AppleMediaServicesKitInternal
0x000000027998f000 	/System/Library/PrivateFrameworks/SymptomShared.framework/Versions/A/SymptomShared
0x00000001de9c2000 	/System/Library/PrivateFrameworks/PassKitUIFoundation.framework/Versions/A/PassKitUIFoundation
0x00000001a0571000 	/System/Library/Frameworks/MapKit.framework/Versions/A/MapKit
0x00000002537bb000 	/System/Library/PrivateFrameworks/GeoAnalytics.framework/Versions/A/GeoAnalytics
0x00000001bc9b6000 	/System/Library/PrivateFrameworks/Navigation.framework/Versions/A/Navigation
0x00000001c685c000 	/System/Library/PrivateFrameworks/VectorKit.framework/Versions/A/VectorKit
0x00000001ad8c5000 	/System/Library/PrivateFrameworks/VirtualGarage.framework/Versions/A/VirtualGarage
0x00000001bcbb3000 	/System/Library/Frameworks/ExternalAccessory.framework/ExternalAccessory
0x00000001bcbce000 	/System/Library/PrivateFrameworks/IAP.framework/Versions/A/IAP
0x00000001a0833000 	/System/Library/PrivateFrameworks/IOPlatformPluginFamily.framework/Versions/A/IOPlatformPluginFamily
0x000000023d7ab000 	/System/Library/PrivateFrameworks/AvatarKit.framework/Versions/A/AvatarKit
0x000000023d86a000 	/System/Library/PrivateFrameworks/AvatarPersistence.framework/Versions/A/AvatarPersistence
0x00000002363e7000 	/System/Library/Frameworks/TipKit.framework/Versions/A/TipKit
0x00000001a8e65000 	/System/Library/PrivateFrameworks/IMSharedUtilities.framework/Versions/A/IMSharedUtilities
0x000000028cc87000 	/usr/lib/swift/libswiftAppleArchive.dylib
0x000000027fbdf000 	/System/Library/PrivateFrameworks/VFX.framework/Versions/A/VFX
0x00000001d961c000 	/System/Library/PrivateFrameworks/AppleCVA.framework/Versions/A/AppleCVA
0x000000023d869000 	/System/Library/PrivateFrameworks/AvatarKitContent.framework/Versions/A/AvatarKitContent
0x0000000231c10000 	/System/Library/Frameworks/MetalFX.framework/Versions/A/MetalFX
0x0000000240fd0000 	/System/Library/PrivateFrameworks/CompositorNonUI.framework/Versions/A/CompositorNonUI
0x000000022df2c000 	/System/Library/Frameworks/ARKit.framework/Versions/A/ARKit
0x0000000238c12000 	/System/Library/PrivateFrameworks/ARKitCore.framework/Versions/A/ARKitCore
0x000000028b295000 	/usr/lib/libDisplayWarpSupport.dylib
0x00000002432a2000 	/System/Library/PrivateFrameworks/CoreComposite.framework/Versions/A/CoreComposite
0x000000028bc64000 	/usr/lib/libchannel.dylib
0x000000028c8e0000 	/usr/lib/librealtime_safety.dylib
0x0000000238c9e000 	/System/Library/PrivateFrameworks/ARKitFoundation.framework/Versions/A/ARKitFoundation
0x000000023b9af000 	/System/Library/PrivateFrameworks/AppleDepth.framework/Versions/A/AppleDepth
0x000000023bb2c000 	/System/Library/PrivateFrameworks/AppleDepthCore.framework/Versions/A/AppleDepthCore
0x00000001a096e000 	/System/Library/PrivateFrameworks/CoreAppleCVA.framework/Versions/A/CoreAppleCVA
0x00000001ad9fb000 	/System/Library/PrivateFrameworks/ContactsUICore.framework/Versions/A/ContactsUICore
0x00000001b5302000 	/System/Library/PrivateFrameworks/ContactsDonation.framework/Versions/A/ContactsDonation
0x00000001b4bbe000 	/System/Library/PrivateFrameworks/DataDetectors.framework/Versions/A/DataDetectors
0x00000001a7276000 	/System/Library/Frameworks/MediaLibrary.framework/Versions/A/MediaLibrary
0x00000001a189b000 	/System/Library/PrivateFrameworks/PersonaKit.framework/Versions/A/PersonaKit
0x00000001ad9e8000 	/System/Library/PrivateFrameworks/PersonaUI.framework/Versions/A/PersonaUI
0x00000001c8abd000 	/System/Library/PrivateFrameworks/Transparency.framework/Versions/A/Transparency
0x000000024a147000 	/System/Library/PrivateFrameworks/FindMyLocate.framework/Versions/A/FindMyLocate
0x00000001b6c01000 	/System/Library/PrivateFrameworks/IntlPreferences.framework/Versions/A/IntlPreferences
0x0000000247300000 	/System/Library/PrivateFrameworks/CoreTransparency.framework/Versions/A/CoreTransparency
0x000000024a01b000 	/System/Library/PrivateFrameworks/FindMyCommon.framework/Versions/A/FindMyCommon
0x0000000249dee000 	/System/Library/PrivateFrameworks/FindMyBase.framework/Versions/A/FindMyBase
0x00000002336a5000 	/System/Library/Frameworks/NearbyInteraction.framework/Versions/A/NearbyInteraction
0x00000001a148a000 	/System/Library/PrivateFrameworks/AddressBookCore.framework/Versions/A/AddressBookCore
0x00000001bc70b000 	/System/Library/PrivateFrameworks/ToneKit.framework/Versions/A/ToneKit
0x00000001b6c48000 	/System/Library/PrivateFrameworks/ToneLibrary.framework/Versions/A/ToneLibrary
0x00000002412d9000 	/System/Library/PrivateFrameworks/ContactsAccounts.framework/Versions/A/ContactsAccounts
0x00000001ba9bc000 	/System/Library/PrivateFrameworks/Lookup.framework/Versions/A/Lookup
0x0000000233fc6000 	/System/Library/Frameworks/QuickLookUI.framework/Versions/A/QuickLookUI
0x00000002349f3000 	/System/Library/Frameworks/ScreenCaptureKit.framework/Versions/A/ScreenCaptureKit
0x00000001b79b1000 	/System/Library/Frameworks/Quartz.framework/Versions/A/Frameworks/QuartzComposer.framework/Versions/A/QuartzComposer
0x00000001b6bd8000 	/System/Library/Frameworks/Quartz.framework/Versions/A/Frameworks/QuartzFilters.framework/Versions/A/QuartzFilters
0x00000001b5c5f000 	/System/Library/Frameworks/Quartz.framework/Versions/A/Frameworks/ImageKit.framework/Versions/A/ImageKit
0x000000022dd2d000 	/System/Library/Frameworks/OpenCL.framework/Versions/A/OpenCL
0x00000001b415b000 	/System/Library/PrivateFrameworks/CorePDF.framework/Versions/A/CorePDF
0x000000019e4c2000 	/System/Library/Frameworks/QuickLook.framework/Versions/A/QuickLook
0x00000001a929a000 	/System/Library/PrivateFrameworks/DisplayServices.framework/Versions/A/DisplayServices
0x00000001b6b5c000 	/System/Library/Frameworks/ImageCaptureCore.framework/Versions/A/ImageCaptureCore
0x0000000281afd000 	/System/Library/PrivateFrameworks/VisionKitCore.framework/Versions/A/VisionKitCore
0x00000001b2235000 	/System/Library/PrivateFrameworks/QuickLookSupport.framework/Versions/A/QuickLookSupport
0x00000002608bd000 	/System/Library/PrivateFrameworks/MediaAnalysisServices.framework/Versions/A/MediaAnalysisServices
0x00000001b9945000 	/System/Library/PrivateFrameworks/PhotoLibraryServices.framework/Versions/A/PhotoLibraryServices
0x00000001b676d000 	/System/Library/Frameworks/Photos.framework/Versions/A/Photos
0x00000001cb5cb000 	/System/Library/PrivateFrameworks/PhotosFormats.framework/Versions/A/PhotosFormats
0x0000000280c38000 	/System/Library/PrivateFrameworks/VectorSearch.framework/Versions/A/VectorSearch
0x00000001c7807000 	/System/Library/PrivateFrameworks/CloudPhotoLibrary.framework/Versions/A/CloudPhotoLibrary
0x00000001d1065000 	/System/Library/PrivateFrameworks/CloudPhotoServices.framework/Versions/A/CloudPhotoServices
0x00000001cd4a9000 	/System/Library/PrivateFrameworks/CoreMediaStream.framework/Versions/A/CoreMediaStream
0x00000001a1f6a000 	/System/Library/PrivateFrameworks/CPAnalytics.framework/Versions/A/CPAnalytics
0x00000001c9833000 	/System/Library/PrivateFrameworks/MediaConversionService.framework/Versions/A/MediaConversionService
0x00000001a8e51000 	/System/Library/PrivateFrameworks/PhotoFoundation.framework/Versions/A/PhotoFoundation
0x00000002691ff000 	/System/Library/PrivateFrameworks/PhotoLibraryServicesCore.framework/Versions/A/PhotoLibraryServicesCore
0x00000001c345b000 	/System/Library/PrivateFrameworks/MMCS.framework/Versions/A/MMCS
0x00000001a70d1000 	/System/Library/PrivateFrameworks/ChunkingLibrary.framework/Versions/A/ChunkingLibrary
0x00000001a0c1b000 	/System/Library/PrivateFrameworks/AssetCacheServices.framework/Versions/A/AssetCacheServices
0x00000001a2c16000 	/System/Library/PrivateFrameworks/AVFoundationCF.framework/Versions/A/AVFoundationCF
0x00000001e1a35000 	/usr/lib/swift/libswiftDemangle.dylib
0x0000000256c8e000 	/System/Library/PrivateFrameworks/ImageCaptureDevices.framework/Versions/A/ImageCaptureDevices
0x00000001b4e83000 	/System/Library/PrivateFrameworks/MediaStream.framework/Versions/A/MediaStream
0x00000001c9d21000 	/System/Library/PrivateFrameworks/NeutrinoCore.framework/Versions/A/NeutrinoCore
0x000000018fe4c000 	/System/Library/PrivateFrameworks/NLP.framework/Versions/A/NLP
0x00000001cfdba000 	/System/Library/PrivateFrameworks/PhotoImaging.framework/Versions/A/PhotoImaging
0x00000001d1026000 	/System/Library/PrivateFrameworks/PhotosImagingFoundation.framework/Versions/A/PhotosImagingFoundation
0x0000000269dac000 	/System/Library/PrivateFrameworks/PhotosIntelligenceCore.framework/Versions/A/PhotosIntelligenceCore
0x00000001a30ae000 	/System/Library/PrivateFrameworks/EmbeddedAcousticRecognition.framework/Versions/A/EmbeddedAcousticRecognition
0x00000001be93e000 	/System/Library/PrivateFrameworks/EmojiFoundation.framework/Versions/A/EmojiFoundation
0x00000001c7a81000 	/System/Library/PrivateFrameworks/SDAPI.framework/Versions/A/SDAPI
0x000000025a9f8000 	/System/Library/PrivateFrameworks/IsolatedContextLogging.framework/Versions/A/IsolatedContextLogging
0x00000001d1074000 	/System/Library/PrivateFrameworks/AutoLoop.framework/Versions/A/AutoLoop
0x000000026a9d2000 	/System/Library/PrivateFrameworks/Portrait.framework/Versions/A/Portrait
0x000000024a86c000 	/System/Library/PrivateFrameworks/FusionTracker.framework/Versions/A/FusionTracker
0x00000001b7434000 	/System/Library/PrivateFrameworks/iTunesCloud.framework/Versions/A/iTunesCloud
0x00000001c0868000 	/System/Library/PrivateFrameworks/DAAPKit.framework/Versions/A/DAAPKit
0x00000001b25cf000 	/System/Library/PrivateFrameworks/DeviceManagement.framework/Versions/A/DeviceManagement
0x00000001d711a000 	/System/Library/PrivateFrameworks/ScreenTimeUI.framework/Versions/A/ScreenTimeUI
0x00000001b4bb8000 	/System/Library/PrivateFrameworks/QuickLookNonBaseSystem.framework/Versions/A/QuickLookNonBaseSystem
0x00000001b53d9000 	/System/Library/PrivateFrameworks/Catalyst.framework/Versions/A/Catalyst
0x00000001b6dfc000 	/System/Library/PrivateFrameworks/ScreenTimeCore.framework/Versions/A/ScreenTimeCore
0x00000001caa28000 	/System/Library/PrivateFrameworks/ScreenTimeServiceUI.framework/Versions/A/ScreenTimeServiceUI
0x00000001c35ed000 	/System/Library/PrivateFrameworks/ConfigurationEngineModel.framework/Versions/A/ConfigurationEngineModel
0x00000001c6816000 	/System/Library/PrivateFrameworks/UsageTracking.framework/Versions/A/UsageTracking
0x000000022f90a000 	/System/Library/Frameworks/DeviceActivity.framework/Versions/A/DeviceActivity
0x00000001c67e5000 	/System/Library/PrivateFrameworks/KnowledgeMonitor.framework/Versions/A/KnowledgeMonitor
0x00000001de968000 	/System/Library/PrivateFrameworks/BluetoothManager.framework/Versions/A/BluetoothManager
0x0000000230f9a000 	/System/Library/Frameworks/ManagedSettings.framework/Versions/A/ManagedSettings
0x000000026000d000 	/System/Library/PrivateFrameworks/ManagedSettingsSupport.framework/Versions/A/ManagedSettingsSupport
0x00000001dbb4f000 	/System/Library/Frameworks/ReplayKit.framework/Versions/A/ReplayKit
0x00000001aa2b7000 	/System/Library/PrivateFrameworks/MarkupUI.framework/Versions/A/MarkupUI
0x00000001b4b8f000 	/System/Library/PrivateFrameworks/SidecarCore.framework/Versions/A/SidecarCore
0x00000001b7865000 	/System/Library/PrivateFrameworks/AnnotationKit.framework/Versions/A/AnnotationKit
0x00000001b5e92000 	/System/Library/Frameworks/PencilKit.framework/Versions/A/PencilKit
0x00000001b6056000 	/System/Library/PrivateFrameworks/SidecarUI.framework/Versions/A/SidecarUI
0x00000001b57fd000 	/System/Library/PrivateFrameworks/CoreHandwriting.framework/Versions/A/CoreHandwriting
0x0000000189a36000 	/usr/lib/libmecabra.dylib
0x00000001adff6000 	/System/Library/PrivateFrameworks/Calculate.framework/Versions/A/Calculate
0x000000019989d000 	/usr/lib/libChineseTokenizer.dylib
0x00000001ed4ad000 	/System/Library/PrivateFrameworks/ScreenReaderCore.framework/Versions/A/ScreenReaderCore
0x0000000278fe3000 	/System/Library/PrivateFrameworks/StocksKit.framework/Versions/A/StocksKit
0x00000001acf9d000 	/System/Library/PrivateFrameworks/OAuth.framework/Versions/A/OAuth
0x0000000278cd9000 	/System/Library/PrivateFrameworks/StocksCore.framework/Versions/A/StocksCore
0x000000027a1ea000 	/System/Library/PrivateFrameworks/TeaFoundation.framework/Versions/A/TeaFoundation
0x000000027a3d1000 	/System/Library/PrivateFrameworks/TeaSettings.framework/Versions/A/TeaSettings
0x00000001e3151000 	/System/Library/PrivateFrameworks/NewsCore.framework/Versions/A/NewsCore
0x000000027a187000 	/System/Library/PrivateFrameworks/TeaDB.framework/Versions/A/TeaDB
0x00000001dfae0000 	/System/Library/PrivateFrameworks/RemoteConfiguration.framework/Versions/A/RemoteConfiguration
0x00000001e2d38000 	/System/Library/PrivateFrameworks/NewsTransport.framework/Versions/A/NewsTransport
0x00000001e3141000 	/System/Library/PrivateFrameworks/NewsFoundation.framework/Versions/A/NewsFoundation
0x0000000265900000 	/System/Library/PrivateFrameworks/NewsURLBucket.framework/Versions/A/NewsURLBucket
0x00000001b9544000 	/System/Library/PrivateFrameworks/MobileInstallation.framework/Versions/A/MobileInstallation
0x0000000236550000 	/System/Library/Frameworks/Translation.framework/Versions/A/Translation
0x00000001d2a4f000 	/System/Library/PrivateFrameworks/RevealCore.framework/Versions/A/RevealCore
0x00000001d2a43000 	/System/Library/PrivateFrameworks/Reveal.framework/Versions/A/Reveal
0x00000001ca6d3000 	/System/Library/Frameworks/Speech.framework/Versions/A/Speech
0x0000000237a41000 	/System/Library/PrivateFrameworks/AIMLExperimentationAnalytics.framework/Versions/A/AIMLExperimentationAnalytics
0x0000000239ee7000 	/System/Library/PrivateFrameworks/AlgorithmsInternal.framework/Versions/A/AlgorithmsInternal
0x000000027db53000 	/System/Library/PrivateFrameworks/TranslationUIServices.framework/Versions/A/TranslationUIServices
0x000000027c8a5000 	/System/Library/PrivateFrameworks/TipKitCore.framework/Versions/A/TipKitCore
0x00000001be9c3000 	/System/Library/PrivateFrameworks/CoreCDPInternal.framework/Versions/A/CoreCDPInternal
0x0000000257468000 	/System/Library/PrivateFrameworks/InputAnalytics.framework/Versions/A/InputAnalytics
0x00000001c466e000 	/System/Library/Frameworks/InstantMessage.framework/Versions/A/InstantMessage
0x00000001bc479000 	/System/Library/PrivateFrameworks/IDSKVStore.framework/Versions/A/IDSKVStore
0x00000001bc11c000 	/System/Library/PrivateFrameworks/IMDPersistence.framework/Versions/A/IMDPersistence
0x000000027fad9000 	/System/Library/PrivateFrameworks/UserSafety.framework/Versions/A/UserSafety
0x00000001dd9f1000 	/System/Library/PrivateFrameworks/BlastDoor.framework/Versions/A/BlastDoor
0x000000025bb5f000 	/System/Library/PrivateFrameworks/LinkPresentationStyleSheetParsing.framework/Versions/A/LinkPresentationStyleSheetParsing
0x000000026ab93000 	/System/Library/PrivateFrameworks/PosterFoundation.framework/Versions/A/PosterFoundation
0x000000026ac21000 	/System/Library/PrivateFrameworks/PosterModel.framework/Versions/A/PosterModel
0x000000026abfb000 	/System/Library/PrivateFrameworks/PosterFuturesKit.framework/Versions/A/PosterFuturesKit
0x0000000249bc6000 	/System/Library/PrivateFrameworks/FeedbackService.framework/Versions/A/FeedbackService
0x00000001b5256000 	/System/Library/PrivateFrameworks/CoreSDB.framework/Versions/A/CoreSDB
0x000000023cf2a000 	/System/Library/PrivateFrameworks/AskToCore.framework/Versions/A/AskToCore
0x00000001d799c000 	/System/Library/PrivateFrameworks/MachineSettings.framework/Versions/A/MachineSettings
0x00000001c9020000 	/System/Library/PrivateFrameworks/BezelServices.framework/Versions/A/BezelServices
0x00000001c08f3000 	/System/Library/PrivateFrameworks/SPOwner.framework/Versions/A/SPOwner
0x00000001b918c000 	/System/Library/PrivateFrameworks/FMCore.framework/Versions/A/FMCore
0x000000028663a000 	/System/Library/PrivateFrameworks/iCloudQuota.framework/Versions/A/iCloudQuota
0x00000001ad961000 	/System/Library/PrivateFrameworks/CoreRecognition.framework/Versions/A/CoreRecognition
0x00000001c90e0000 	/System/Library/PrivateFrameworks/InAppMessages.framework/Versions/A/InAppMessages
0x00000001ec060000 	/System/Library/PrivateFrameworks/JetUI.framework/Versions/A/JetUI
0x000000025ad57000 	/System/Library/PrivateFrameworks/JetPack.framework/Versions/A/JetPack
0x00000001c90d7000 	/System/Library/PrivateFrameworks/InAppMessagesCore.framework/Versions/A/InAppMessagesCore
0x0000000285a50000 	/System/Library/PrivateFrameworks/_JetEngine_SwiftUI.framework/Versions/A/_JetEngine_SwiftUI
0x0000000279c7d000 	/System/Library/PrivateFrameworks/Synapse.framework/Versions/A/Synapse
0x000000023f1d0000 	/System/Library/PrivateFrameworks/CSExattrCrypto.framework/Versions/A/CSExattrCrypto
0x00000001ba6b3000 	/System/Library/PrivateFrameworks/StoreFoundation.framework/Versions/A/StoreFoundation
0x00000001b9186000 	/System/Library/PrivateFrameworks/ServerInformation.framework/Versions/A/ServerInformation
0x00000001b8b9c000 	/System/Library/PrivateFrameworks/Install.framework/Frameworks/DistributionKit.framework/Versions/A/DistributionKit
0x00000001b2009000 	/System/Library/PrivateFrameworks/PackageKit.framework/Versions/A/PackageKit
0x00000001b8bbf000 	/System/Library/PrivateFrameworks/OSPersonalization.framework/Versions/A/OSPersonalization
0x00000001bac19000 	/System/Library/PrivateFrameworks/BridgeOSSoftwareUpdate.framework/Versions/A/BridgeOSSoftwareUpdate
0x00000001b56fc000 	/System/Library/PrivateFrameworks/StorageManagement.framework/Versions/A/StorageManagement
0x00000001ca553000 	/usr/lib/libauthinstall.dylib
0x00000001bac22000 	/System/Library/PrivateFrameworks/InstallerDiagnostics.framework/Versions/A/InstallerDiagnostics
0x00000001cac0f000 	/usr/lib/libcrypto.42.dylib
0x000000028d1c3000 	/usr/lib/updaters/libAppleTconUARPUpdater.dylib
0x000000028d358000 	/usr/lib/updaters/libT200Updater.dylib
0x00000001bac07000 	/System/Library/PrivateFrameworks/GPUInfo.framework/Versions/A/GPUInfo
0x00000001c91dd000 	/System/Library/PrivateFrameworks/MobileActivationMacOS.framework/Versions/A/MobileActivationMacOS
0x00000001acee2000 	/System/Library/PrivateFrameworks/AccountsDaemon.framework/Versions/A/AccountsDaemon
0x00000001bac65000 	/System/Library/PrivateFrameworks/AOSKit.framework/Versions/A/AOSKit
0x00000001999cc000 	/System/Library/PrivateFrameworks/AppSSOCore.framework/Versions/A/AppSSOCore
0x000000023d976000 	/System/Library/PrivateFrameworks/BackgroundSystemTasks.framework/Versions/A/BackgroundSystemTasks
0x00000001a5658000 	/System/Library/PrivateFrameworks/DuetActivityScheduler.framework/Versions/A/DuetActivityScheduler
0x00000001c7732000 	/System/Library/PrivateFrameworks/NetworkServiceProxy.framework/Versions/A/NetworkServiceProxy
0x00000001a08a7000 	/usr/lib/libnetworkextension.dylib
0x000000027999f000 	/System/Library/PrivateFrameworks/Symptoms.framework/Versions/A/Frameworks/SymptomAnalytics.framework/Versions/A/SymptomAnalytics
0x000000019d3df000 	/System/Library/Frameworks/NetworkExtension.framework/Versions/A/NetworkExtension
0x00000001a3d74000 	/System/Library/PrivateFrameworks/CoreDuetContext.framework/Versions/A/CoreDuetContext
0x000000018e4a0000 	/System/Library/PrivateFrameworks/CoreDuet.framework/Versions/A/CoreDuet
0x00000001a8b8b000 	/System/Library/PrivateFrameworks/AssistantServices.framework/Versions/A/AssistantServices
0x00000001a2d59000 	/System/Library/PrivateFrameworks/SAObjects.framework/Versions/A/SAObjects
0x00000001a8772000 	/System/Library/PrivateFrameworks/MediaRemote.framework/Versions/A/MediaRemote
0x000000027650d000 	/System/Library/PrivateFrameworks/SiriTTSService.framework/Versions/A/SiriTTSService
0x0000000270c09000 	/System/Library/PrivateFrameworks/SiriCrossDeviceArbitration.framework/Versions/A/SiriCrossDeviceArbitration
0x0000000249750000 	/System/Library/PrivateFrameworks/FaceTimeNameUtility.framework/Versions/A/FaceTimeNameUtility
0x0000000270c5d000 	/System/Library/PrivateFrameworks/SiriCrossDeviceArbitrationFeedback.framework/Versions/A/SiriCrossDeviceArbitrationFeedback
0x00000001c9a65000 	/System/Library/PrivateFrameworks/UIKitServices.framework/Versions/A/UIKitServices
0x00000001ad771000 	/System/Library/PrivateFrameworks/MediaServices.framework/Versions/A/MediaServices
0x0000000199e15000 	/System/Library/PrivateFrameworks/PersistentConnection.framework/Versions/A/PersistentConnection
0x0000000277df0000 	/System/Library/PrivateFrameworks/SonicFoundation.framework/Versions/A/SonicFoundation
0x00000001bd179000 	/usr/lib/libtailspin.dylib
0x00000001d1186000 	/System/Library/PrivateFrameworks/Osprey.framework/Versions/A/Osprey
0x0000000275b8d000 	/System/Library/PrivateFrameworks/SiriTTS.framework/Versions/A/SiriTTS
0x000000027474d000 	/System/Library/PrivateFrameworks/SiriPowerInstrumentation.framework/Versions/A/SiriPowerInstrumentation
0x000000027a185000 	/System/Library/PrivateFrameworks/TailspinSymbolication.framework/Versions/A/TailspinSymbolication
0x0000000247aa6000 	/System/Library/PrivateFrameworks/Darwinup.framework/Versions/A/Darwinup
0x00000001c986e000 	/System/Library/PrivateFrameworks/SignpostSupport.framework/Versions/A/SignpostSupport
0x00000001b51e3000 	/System/Library/PrivateFrameworks/FeatureFlagsSupport.framework/Versions/A/FeatureFlagsSupport
0x00000001c8f2e000 	/System/Library/PrivateFrameworks/ktrace.framework/Versions/A/ktrace
0x00000001c9a9d000 	/System/Library/PrivateFrameworks/SampleAnalysis.framework/Versions/A/SampleAnalysis
0x00000001d2a1d000 	/System/Library/PrivateFrameworks/kperfdata.framework/Versions/A/kperfdata
0x000000019e600000 	/usr/lib/libdscsym.dylib
0x00000001d2ef2000 	/System/Library/PrivateFrameworks/BulkSymbolication.framework/Versions/A/BulkSymbolication
0x00000001a67a6000 	/System/Library/PrivateFrameworks/CoreDuetDaemonProtocol.framework/Versions/A/CoreDuetDaemonProtocol
0x00000001ba534000 	/System/Library/PrivateFrameworks/CaptiveNetwork.framework/Versions/A/CaptiveNetwork
0x00000001a4b9f000 	/System/Library/PrivateFrameworks/EAP8021X.framework/Versions/A/EAP8021X
0x000000024786c000 	/System/Library/PrivateFrameworks/CryptoKitPrivate.framework/Versions/A/CryptoKitPrivate
0x00000001b47b1000 	/System/Library/PrivateFrameworks/FindMyDevice.framework/Versions/A/FindMyDevice
0x00000001a938d000 	/System/Library/PrivateFrameworks/FMCoreLite.framework/Versions/A/FMCoreLite
0x00000001974c4000 	/System/Library/Frameworks/ServiceManagement.framework/Versions/A/ServiceManagement
0x000000013b49c000 	/System/Library/Extensions/AGXMetalG16X.bundle/Contents/MacOS/AGXMetalG16X
0x00000001ad60b000 	/System/Library/PrivateFrameworks/IOGPU.framework/Versions/A/IOGPU
0x0000000127d4c000 	/Users/anthony/Library/Caches/JNA/temp/jna8831089576075751089.tmp
0x000000013a668000 	/Users/anthony/Library/Caches/JNA/temp/jna18279732147190284095.tmp
0x0000000127d88000 	/Users/anthony/Library/Java/JavaVirtualMachines/jbr-21.0.11/Contents/Home/lib/libprefs.dylib
0x0000000127d9c000 	/System/Library/Components/CoreAudio.component/Contents/MacOS/CoreAudio
0x0000000127f7c000 	/System/Library/Frameworks/Security.framework/Versions/A/PlugIns/csparser.bundle/Contents/MacOS/csparser
0x0000000127f44000 	/Users/anthony/Library/Java/JavaVirtualMachines/jbr-21.0.11/Contents/Home/lib/libosx.dylib
0x0000000139c8c000 	/Users/anthony/Library/Java/JavaVirtualMachines/jbr-21.0.11/Contents/Home/lib/libosxui.dylib
0x000000013f31c000 	/Users/anthony/.skiko/skiko-macos-arm64-f7676395835316696f9b2a762705c307cbdd703545a02fc1b1154a13df96fb64/libskiko-macos-arm64.dylib
0x000000013b418000 	/Users/anthony/Library/Java/JavaVirtualMachines/jbr-21.0.11/Contents/Home/lib/libjawt.dylib
0x000000013b43c000 	/Users/anthony/Library/Caches/nucleus/native/darwin-aarch64/libnucleus_ssl.dylib
0x000000027a99f000 	/System/Library/PrivateFrameworks/TextInputUI.framework/Versions/A/TextInputUI
0x000000027a9d5000 	/System/Library/PrivateFrameworks/TextInputUIMacHelper.framework/Versions/A/TextInputUIMacHelper
0x00000001bf6b7000 	/System/Library/PrivateFrameworks/SafariPlatformSupport.framework/Versions/A/SafariPlatformSupport

JVMTI agents:
/Users/anthony/.gradle/caches/modules-2/files-2.1/org.jetbrains.compose.hot-reload/hot-reload-agent/1.1.1/15bff959a6459c2786e055fba794266fade25ade/hot-reload-agent-1.1.1.jar path:none, loaded, initialized, instrumentlib options:none


VM Arguments:
jvm_args: -Dcompose.reload.argfile=/Users/anthony/IdeaProjects/Amethyst/composeApp/build/run/desktopMain/desktopMain.argfile -Dcompose.reload.build.continuous=false -Dcompose.reload.build.warmup=true -Dcompose.reload.buildSystem=Gradle -Dcompose.reload.devToolsClasspath=/Users/anthony/.gradle/caches/modules-2/files-2.1/org.jetbrains.compose.hot-reload/hot-reload-devtools/1.1.1/bc27016efe338fc35c213cac2349d477adc08095/hot-reload-devtools-1.1.1.jar:/Users/anthony/.gradle/caches/modules-2/files-2.1/org.jetbrains.compose.hot-reload/hot-reload-devtools-api/1.1.1/78295e7e36c6e1258d87e238865978a1a980da99/hot-reload-devtools-api-1.1.1.jar:/Users/anthony/.gradle/caches/modules-2/files-2.1/org.jetbrains.compose.hot-reload/hot-reload-orchestration/1.1.1/7b5f9ed6f49115dd0ab30a91bd22214f101d23f/hot-reload-orchestration-1.1.1.jar:/Users/anthony/.gradle/caches/modules-2/files-2.1/org.jetbrains.compose.hot-reload/hot-reload-core/1.1.1/f31266b5813648696560864a541a2fe784a0a671/hot-reload-core-1.1.1.jar:/Users/anthony/.gradle/caches/modules-2/files-2.1/org.jetbrains.compose.hot-reload/hot-reload-runtime-api-jvm/1.1.1/61c13a79480c55140cbd9fe1ca651d86efcbee7/hot-reload-runtime-api-jvm-1.1.1.jar:/Users/anthony/.gradle/caches/modules-2/files-2.1/org.jetbrains.compose.desktop/desktop-jvm/1.10.0/42facd9840309ac4eb841a986c5d1b97d2780471/desktop-jvm-1.10.0.jar:/Users/anthony/.gradle/caches/modules-2/files-2.1/org.jetbrains.compose.components/components-resources-desktop/1.10.0/c6115b607f77e9d033de360f989850d3824bf112/library-desktop-1.10.0.jar:/Users/anthony/.gradle/caches/modules-2/files-2.1/io.sellmair/evas-compose-jvm/1.4.0/a89b78f345d4a21a29c295820e4aa931aec1b93b/evas-compose-jvm-1.4.0.jar:/Users/anthony/.gradle/caches/modules-2/files-2.1/io.sellmair/evas-jvm/1.4.0/3c6955af5c56c65290575b2b998ec166c5079de4/evas-jvm-1.4.0.jar:/Users/anthony/.gradle/caches/modules-2/files-2.1/org.jetbrains.skiko/skiko-awt-runtime-macos-arm64/0.9.37.3/471d5afdecd5011d7c883edd77e01a47cbf2e02d/skiko-awt-runtime-macos-arm64-0.9.37.3.jar:/Users/anthony/.gradle/caches/modules-2/files-2.1/org.jetbrains.compose.material3/material3-desktop/1.9.0/19004c4eb3dc6618eb66a076bbe3d7e1a2e7b85/material3-desktop-1.9.0.jar:/Users/anthony/.gradle/caches/modul-Dcompose.reload.devToolsDetached=false -Dcompose.reload.devToolsEnabled=true -Dcompose.reload.devToolsHeadless=false -Dcompose.reload.devToolsTransparencyEnabled=true -Dcompose.reload.dirtyResolveDepthLimit=5 -Dcompose.reload.effectsEnabled=true -Dcompose.reload.isActive=true -Dcompose.reload.launchMode=GradleBlocking -Dcompose.reload.logLevel=Info -Dcompose.reload.logStdout=false -Dcompose.reload.mainClass=dev.anthonyhfm.amethyst.MainKt -Dcompose.reload.pidFile=/Users/anthony/IdeaProjects/Amethyst/composeApp/build/run/desktopMain/desktopMain.pid -Dcompose.reload.staticsReinitializeMode=AllDirty -Dcompose.reload.virtualMethodResolveEnabled=true -Dgradle.build.project=:composeApp -Dgradle.build.root=/Users/anthony/IdeaProjects/Amethyst -Dgradle.build.task=hotReloadDesktopMain -Dgradle.offline.mode=false -Dorg.gradle.java.home=/Users/anthony/Library/Java/JavaVirtualMachines/jbr-21.0.11/Contents/Home -XX:+IgnoreUnrecognizedVMOptions -XX:+AllowEnhancedClassRedefinition -javaagent:/Users/anthony/.gradle/caches/modules-2/files-2.1/org.jetbrains.compose.hot-reload/hot-reload-agent/1.1.1/15bff959a6459c2786e055fba794266fade25ade/hot-reload-agent-1.1.1.jar -Dfile.encoding=UTF-8 -Duser.country=DE -Duser.language=de -Duser.variant 
java_command: dev.anthonyhfm.amethyst.MainKt
java_class_path (initial): /Users/anthony/.gradle/caches/modules-2/files-2.1/org.jetbrains.compose.hot-reload/hot-reload-agent/1.1.1/15bff959a6459c2786e055fba794266fade25ade/hot-reload-agent-1.1.1.jar:/Users/anthony/.gradle/caches/modules-2/files-2.1/org.jetbrains.compose.hot-reload/hot-reload-orchestration/1.1.1/7b5f9ed6f49115dd0ab30a91bd22214f101d23f/hot-reload-orchestration-1.1.1.jar:/Users/anthony/.gradle/caches/modules-2/files-2.1/org.jetbrains.compose.hot-reload/hot-reload-analysis/1.1.1/b85d3c35d1e89e3328b734d164758535901fe4b5/hot-reload-analysis-1.1.1.jar:/Users/anthony/.gradle/caches/modules-2/files-2.1/org.jetbrains.compose.hot-reload/hot-reload-core/1.1.1/f31266b5813648696560864a541a2fe784a0a671/hot-reload-core-1.1.1.jar:/Users/anthony/.gradle/caches/modules-2/files-2.1/org.javassist/javassist/3.30.2-GA/284580b5e42dfa1b8267058566435d9e93fae7f7/javassist-3.30.2-GA.jar:/Users/anthony/.gradle/caches/modules-2/files-2.1/org.ow2.asm/asm-tree/9.9.1/b6b1b3366296163b4b1f540731aad0a2baa484d8/asm-tree-9.9.1.jar:/Users/anthony/.gradle/caches/modules-2/files-2.1/org.ow2.asm/asm/9.9.1/2ceea6ab43bcae1979b2a6d85fc0ca429877e5ab/asm-9.9.1.jar:/Users/anthony/.gradle/caches/modules-2/files-2.1/org.jetbrains.compose.hot-reload/hot-reload-annotations-jvm/1.1.1/4c2dbc6fe7ff43481c1ef134b21219e0f76b66f9/hot-reload-annotations-jvm-1.1.1.jar:/Users/anthony/IdeaProjects/Amethyst/composeApp/build/run/desktopMain/classpath/hot:/Users/anthony/IdeaProjects/Amethyst/composeApp/build/run/desktopMain/classpath/classes:/Users/anthony/IdeaProjects/Amethyst/composeApp/build/run/desktopMain/classpath/libs/nativeEngine/-15hmfmi/nativeEngine-jvm.jar:/Users/anthony/IdeaProjects/Amethyst/composeApp/build/run/desktopMain/classpath/libs/opaque/-99m0fd9/nativeEngine-darwin-aarch64-debug.jar:/Users/anthony/.gradle/caches/modules-2/files-2.1/org.jetbrains.compose.hot-reload/hot-reload-runtime-jvm/1.1.1/501822c4866027236f6b7e925f6b46e99136b560/hot-reload-runtime-jvm-1.1.1.jar:/Users/anthony/.gradle/caches/modules-2/files-2.1/io.github.kdroidfilter/nucleus.aot-runtime/1.15.6/debfef3c26a2f084e64aceb510ff1863d4808f7f/nucleus.aot-runtime-1.15.6.jar:/Users/anthony/.gradle/caches/modules-2/files-2.1/io.github.kdroidfilter/nucleus.updater-runtime/1.15.6/ea92115c6b94ba0e8140ecff7796c763dd3be671/nucleus.updater-runtime-1.15.6.jar:/Users/anthony/.gradle/caches/modules-2/files-2.1/io.github.kdroidfilter/nucleus.taskbar-progress/1.15.6/515fbbf948fcf8a5e38a3c6568ea19583084a885/nucleus.taskbar-progress-1.15.6.jar:/Users/anthony/.gradle/caches/modules-2/files-2.1/io.github.kdroidfilter/nucleus.decorated-window-core/1.15.6/130753174f72eb84a956901cfe4849aa32f97ded/nucleus.decorated-window-core-1.15.6.jar:/Users/anthony/.gradle/caches/modules-2/files-2.1/io.github.kdroidfilter/nucleus.native-http/1.15.6/c190ac2021808ff068ade02a63dcc0659cc1cf9b/nucleus.native-http-1.15.6.jar:/Users/anthony/.gradle/caches/modules-2/files-2.1/io.github.kdroidfilter/nucleus.native-ssl/1.15.6/71c65616ddf2dfbf2bf55f40a9f3cf4f09674f0d/nucleus.native-ssl-1.15.6.jar:/Users/anthony/.gradle/caches/modules-2/files-2.1/io.github.kdroidfilter/nucleus.launcher-linux/1.15.6/6b66333bccba32b799178ac29e1fad48adf8247d/nucleus.launcher-linux-1.15.6.jar:/Users/anthony/.gradle/caches/modules-2/files-2.1/io.github.kdroidfilter/nucleus.core-runtime/1.15.6/e0c7bd47510e1e301cc6473ba7a469488e7259fb/nucleus.core-runtime-1.15.6.jar:/Users/anthony/.gradle/caches/modules-2/files-2.1/io.sentry/sentry-kotlin-multiplatform-jvm/0.26.0/6982003cd5a54c521504188c1544ec02ac2e7211/sentry-kotlin-multiplatform-jvm-0.26.0.jar:/Users/anthony/.gradle/caches/modules-2/files-2.1/org.jetbrains.compose.material3/material3-desktop/1.11.0-alpha01/4d952b4d3d05a94eafc8c430f662a0041b94d8c0/material3-desktop-1.11.0-alpha01.jar:/Users/anthony/.gradle/caches/modules-2/files-2.1/com.composables/composeunstyled-jvm/1.49.6/19fa2add7a00712a2dc53ad1ec49b6ba972ffe18/composeunstyled-jvm-1.49.6.jar:/Users/anthony/.gradle/caches/modules-2/files-2.1/com.composables/composeunstyled-platformtheme-jvm/1.49.6/ee2fa14519678742a259191a05a680cb536cd2c0/composeunstyled-platformtheme-jvm-1.49.6.jar:/Users/anthony/.gradle/caches/modules-2/files-2.1/org.jetbrains.compose.components/components-resources-desktop/1.11.1/f4eb52d87f31584dacdb816a26376f39a1802e8a/library-desktop-1.11.1.jar:/Users/anthony/.gradle/caches/modules-2/files-2.1/sh.calvin.reorderable/reorderable-jvm/2.4.3/d85018ce4a3015044a4fa031011d82611cc058da/reorderable-jvm-2.4.3.jar:/Users/anthony/.gradle/caches/modules-2/files-2.1/com.composables/icons-lucide-cmp-jvm/2.2.1/18b719e155d5d87d6d45a0ba8d96928ec961eb0a/icons-lucide-cmp-jvm-2.2.1.jar:/Users/anthony/.gradle/caches/modules-2/files-2.1/org.jetbrains.compose.desktop/desktop-jvm/1.11.1/1fee826ff9d1fafd500b57a22facfc0236bc14c7/desktop-jvm-1.11.1.jar:/Users/anthony/.gradle/caches/modules-2/files-2.1/org.jetbrains.androidx.navigation/navigation-compose-desktop/2.9.0/d612ca0aef7c96b10acfcf39bba46066fb75238c/navigation-compose-desktop-2.9.0.jar:/Users/anthony/.gradle/caches/modules-2/files-2.1/org.jetbrains.compose.material/material-desktop/1.11.1/2891a6f3a62dc4c367636a521d1b680a7d6ff6d/material-desktop-1.11.1.jar:/Users/anthony/.gradle/caches/modules-2/files-2.1/org.jetbrains.compose.animation/animation-core-desktop/1.11.1/1bf633ecd1a38a1cf7a41630bc56cba0da9cc25b/animation-core-desktop-1.11.1.jar:/Users/anthony/.gradle/caches/modules-2/files-2.1/org.jetbrains.compose.material/material-ripple-desktop/1.11.1/ae97a5eeb23bc3f461bc3e16e2a9882175405d17/material-ripple-desktop-1.11.1.jar:/Users/anthony/.gradle/caches/modules-2/files-2.1/org.jetbrains.compose.animation/animation-desktop/1.11.1/f873fb28f1a08d45a4dd20a0130b3da8cadf383c/animation-desktop-1.11.1.jar:/Users/anthony/.gradle/caches/modules-2/files-2.1/org.jetbrains.compose.foundation/foundation-layout-desktop/1.11.1/853fc5d01388da6515ce40b719798914012f6469/foundation-layout-desktop-1.11.1.jar:/Users/anthony/.gradle/caches/modules-2/files-2.1/com.composables/composeunstyled-primitives-jvm/1.49.6/aed0564949ab7b6e87fb7409be91f60228893671/composeunstyled-primitives-jvm-1.49.6.jar:/Users/anthony/.gradle/caches/modules-2/files-2.1/com.composables/composeunstyled-theming-jvm/1.49.6/ed4fa706db0b4b8bcb77f3ede79befe16d8adba2/composeunstyled-theming-jvm-1.49.6.jar:/Users/anthony/.gradle/caches/modules-2/files-2.1/com.composables/composeunstyled-internal-shared-jvm/1.49.6/6e9ecf35f57f288934d6c809b6aeaa28900e1c6b/internal-shared-jvm-1.49.6.jar:/Users/anthony/.gradle/caches/modules-2/files-2.1/org.jetbrains.compose.foundation/foundation-desktop/1.11.1/6df316e7af2c0c97f200de289925f62ca8fce53d/foundation-desktop-1.11.1.jar:/Users/anthony/.gradle/caches/modules-2/files-2.1/org.jetbrains.compose.material/material-icons-extended-desktop/1.7.3/c7c5465dd754043076875b32bce0dd7f5a354fe8/material-icons-extended-desktop-1.7.3.jar:/Users/anthony/.gradle/caches/modules-2/files-2.1/org.jetbrains.androidx.lifecycle/lifecycle-viewmodel-compose-desktop/2.9.4/3db38ae3bd43a1072e3b47e3175d582740f5b0df/lifecycle-viewmodel-compose-desktop-2.9.4.jar:/Users/anthony/.gradle/caches/modules-2/files-2.1/org.jetbrains.compose.material/material-icons-core-desktop/1.7.3/414b3096050fe647b0638832eace80f22c06b85c/material-icons-core-desktop-1.7.3.jar:/Users/anthony/.gradle/caches/modules-2/files-2.1/org.jetbrains.compose.ui/ui-tooling-preview-desktop/1.11.1/97ec578d33adc34adcaa63e9af7bb2328c6c29b7/ui-tooling-preview-desktop-1.11.1.jar:/Users/anthony/.gradle/caches/modules-2/files-2.1/org.jetbrains.compose.ui/ui-unit-desktop/1.11.1/f6c06f98da206d01dc40c1587c6bc4c40cbef623/ui-unit-desktop-1.11.1.jar:/Users/anthony/.gradle/caches/modules-2/files-2.1/org.jetbrains.compose.ui/ui-geometry-desktop/1.11.1/5e430152487375359973ac9874653d335dcc220/ui-geometry-desktop-1.11.1.jar:/Users/anthony/.gradle/caches/modules-2/files-2.1/org.jetbrains.compose.ui/ui-graphics-desktop/1.11.1/6ea106d02adf29694eedf12fdfb621947d3621bf/ui-graphics-desktop-1.11.1.jar:/Users/anthony/.gradle/caches/modules-2/files-2.1/org.jetbrains.compose.ui/ui-backhandler-desktop/1.11.1/bd3540bb1d6abd60c5e58f32663b2f3e89406cd1/ui-backhandler-desktop-1.11.1.jar:/Users/anthony/.gradle/caches/modules-2/files-2.1/org.jetbrains.compose.ui/ui-util-desktop/1.11.1/4302c582878b82ab24e1f34e6e90f967f7b416ed/ui-util-desktop-1.11.1.jar:/Users/anthony/.gradle/caches/modules-2/files-2.1/org.jetbrains.compose.ui/ui-text-desktop/1.11.1/6ded685e2601260d6231c859a849b96ee6c60368/ui-text-desktop-1.11.1.jar:/Users/anthony/.gradle/caches/modules-2/files-2.1/org.jetbrains.compose.ui/ui-desktop/1.11.1/24c40c0d60c77a6fb34f930f13bfa4a3ff62c0f/ui-desktop-1.11.1.jar:/Users/anthony/.gradle/caches/modules-2/files-2.1/androidx.navigationevent/navigationevent-desktop/1.0.1/ddb1e7fe97ed51c3d35bba493f97fcf12398719/navigationevent-desktop-1.0.1.jar:/Users/anthony/.gradle/caches/modules-2/files-2.1/org.jetbrains.compose.runtime/runtime-saveable-desktop/1.11.1/b7c8a8ed985a0f15b4d8d206de1fc6125b499388/runtime-saveable-desktop-1.11.1.jar:/Users/anthony/.gradle/caches/modules-2/files-2.1/androidx.compose.runtime/runtime-saveable-desktop/1.11.2/1618fae89791692a224fe7aa79edbd7a8f5b7522/runtime-saveable-desktop-1.11.2.jar:/Users/anthony/.gradle/caches/modules-2/files-2.1/androidx.compose.runtime/runtime-annotation-jvm/1.11.2/db4aa964627ac96331b72e231b9ad54318d112f4/runtime-annotation-jvm-1.11.2.jar:/Users/anthony/.gradle/caches/modules-2/files-2.1/androidx.compose.runtime/runtime-retain-desktop/1.11.2/3aa3ec26ef2a3d26bc556b51b33d09efc1a198e8/runtime-retain-desktop-1.11.2.jar:/Users/anthony/.gradle/caches/modules-2/files-2.1/org.jetbrains.androidx.navigation/navigation-runtime-desktop/2.9.0/28ba1bd97c831deea56ec22044d9021e2f3bc17c/navigation-runtime-desktop-2.9.0.jar:/Users/anthony/.gradle/caches/modules-2/files-2.1/org.jetbrains.androidx.navigation/navigation-common-desktop/2.9.0/53a8b81aff10f1dcd4c219ce9ddb9b0734b75807/navigation-common-desktop-2.9.0.jar:/Users/anthony/.gradle/caches/modules-2/files-2.1/org.jetbrains.androidx.savedstate/savedstate-compose-desktop/1.3.6/63692375ffe667f12cb3ea8aa1e605d659ed2add/savedstate-compose-desktop-1.3.6.jar:/Users/anthony/.gradle/caches/modules-2/files-2.1/org.jetbrains.androidx.lifecycle/lifecycle-runtime-compose-desktop/2.9.6/7b6b6793f3c4c5996b20d1d99cf728e5fac00364/lifecycle-runtime-compose-desktop-2.9.6.jar:/Users/anthony/.gradle/caches/modules-2/files-2.1/androidx.lifecycle/lifecycle-runtime-desktop/2.9.4/1cc820319ec0139e76b8a2fe4be0b356b4e624c4/lifecycle-runtime-desktop-2.9.4.jar:/Users/anthony/.gradle/caches/modules-2/files-2.1/androidx.lifecycle/lifecycle-common-jvm/2.9.4/ab739bccdb3541983385af169565c7c035d897e7/lifecycle-common-jvm-2.9.4.jar:/Users/anthony/.gradle/caches/modules-2/files-2.1/androidx.lifecycle/lifecycle-runtime-compose-desktop/2.9.4/86a4ffec845d4e488078118a0b5095bd1fabcafe/lifecycle-runtime-compose-desktop-2.9.4.jar:/Users/anthony/.gradle/caches/modules-2/files-2.1/androidx.lifecycle/lifecycle-viewmodel-desktop/2.9.4/93fee6d78f0df0e38f36e0fa2eff74f8da6d5481/lifecycle-viewmodel-desktop-2.9.4.jar:/Users/anthony/.gradle/caches/modules-2/files-2.1/androidx.lifecycle/lifecycle-viewmodel-savedstate-desktop/2.9.4/72a1919b08c5a4da224d8a65ce1589aa69934e8a/lifecycle-viewmodel-savedstate-desktop-2.9.4.jar:/Users/anthony/.gradle/caches/modules-2/files-2.1/androidx.savedstate/savedstate-desktop/1.4.0/3b049a0f81643d6b4b900de95bc23efc085c32d5/savedstate-desktop-1.4.0.jar:/Users/anthony/.gradle/caches/modules-2/files-2.1/androidx.savedstate/savedstate-compose-desktop/1.4.0/d3d6e0e2108528eb6080dc250da925a572be4202/savedstate-compose-desktop-1.4.0.jar:/Users/anthony/.gradle/caches/modules-2/files-2.1/androidx.compose.runtime/runtime-desktop/1.11.2/e93d95553cdd86c1cb8c02f50260cc1c8e341da8/runtime-desktop-1.11.2.jar:/Users/anthony/.gradle/caches/modules-2/files-2.1/org.jetbrains.compose.runtime/runtime-desktop/1.11.1/1941336b045aac4b87cc3be81d9fdb9977c88c61/runtime-desktop-1.11.1.jar:/Users/anthony/.gradle/caches/modules-2/files-2.1/org.jetbrains.compose.components/components-ui-tooling-preview-desktop/1.11.1/b1cf782605b572c79f636e7ccc36393d1be8db49/library-desktop-1.11.1.jar:/Users/anthony/.gradle/caches/modules-2/files-2.1/com.russhwolf/multiplatform-settings-no-arg-jvm/1.3.0/b9d2280a0d56597619afb286d7c5f697f2e83f03/multiplatform-settings-no-arg-jvm-1.3.0.jar:/Users/anthony/.gradle/caches/modules-2/files-2.1/io.github.vinceglb/filekit-dialogs-jvm/0.10.0/a97962755ecb8fc29b345e28d6a386678a65247d/filekit-dialogs-jvm.jar:/Users/anthony/.gradle/caches/modules-2/files-2.1/io.github.vinceglb/filekit-core-jvm/0.10.0/bce1d2ae4403342423d53e6a73938a05935de2a7/filekit-core-jvm.jar:/Users/anthony/.gradle/caches/modules-2/files-2.1/io.github.pdvrieze.xmlutil/serialization-jvm/1.0.0-rc1/e0e5112f2cd0a26eac495ce51ef22c3768def83f/serialization-jvm-1.0.0-rc1.jar:/Users/anthony/.gradle/caches/modules-2/files-2.1/io.github.pdvrieze.xmlutil/core-jvmcommon/1.0.0-rc1/9fb93ed4fa32e40564e37a927202d25c7ac97354/core-jvmcommon-1.0.0-rc1.jar:/Users/anthony/.gradle/caches/modules-2/files-2.1/io.github.pdvrieze.xmlutil/serialutil-jvm/1.0.0-rc1/7073a6b2ea2edda1d38d020d654ba8b5a26d9231/serialutil-jvm-1.0.0-rc1.jar:/Users/anthony/.gradle/caches/modules-2/files-2.1/com.squareup.okio/okio-jvm/3.9.0/eaa4f7858a1e80908b1a2e861e662edd7c6cbbb5/okio-jvm-3.9.0.jar:/Users/anthony/.gradle/caches/modules-2/files-2.1/com.mikepenz/multiplatform-markdown-renderer-m3-jvm/0.40.2/c8fac482431ff657cd8581c9dc087ed5615bd8f8/multiplatform-markdown-renderer-m3-jvm-0.40.2.jar:/Users/anthony/.gradle/caches/modules-2/files-2.1/com.mikepenz/multiplatform-markdown-renderer-jvm/0.40.2/830279cf1ac3bd9e4c81368f0a2af52419550833/multiplatform-markdown-renderer-jvm-0.40.2.jar:/Users/anthony/.gradle/caches/modules-2/files-2.1/io.ktor/ktor-client-websockets-jvm/3.1.3/e859c11aef5e273541c104df9c1c3b668ff5f240/ktor-client-websockets-jvm-3.1.3.jar:/Users/anthony/.gradle/caches/modules-2/files-2.1/io.ktor/ktor-client-cio-jvm/3.1.3/7a475976a04a18e5a28aae74c6d1d3bfac32bf3f/ktor-client-cio-jvm-3.1.3.jar:/Users/anthony/.gradle/caches/modules-2/files-2.1/io.ktor/ktor-client-core-jvm/3.1.3/6691d28df87f6a195d6d4f48088b74cb4445d1f4/ktor-client-core-jvm-3.1.3.jar:/Users/anthony/.gradle/caches/modules-2/files-2.1/org.jetbrains.compose.hot-reload/hot-reload-devtools-api/1.1.1/78295e7e36c6e1258d87e238865978a1a980da99/hot-reload-devtools-api-1.1.1.jar:/Users/anthony/.gradle/caches/modules-2/files-2.1/io.github.vyfor/kpresence-jvm/0.6.5/df4df41918aef4049377ea81e9fc8008f82d66a8/kpresence-jvm-0.6.5.jar:/Users/anthony/.gradle/caches/modules-2/files-2.1/io.ktor/ktor-server-cio-jvm/3.1.3/14873c1c8313dc3542c3295f3a2e12354528de54/ktor-server-cio-jvm-3.1.3.jar:/Users/anthony/.gradle/caches/modules-2/files-2.1/io.ktor/ktor-server-websockets-jvm/3.1.3/144404725a0cf824dd50b0a142238e01a38e6324/ktor-server-websockets-jvm-3.1.3.jar:/Users/anthony/.gradle/caches/modules-2/files-2.1/io.ktor/ktor-server-core-jvm/3.1.3/fe59c0964bf32bba16611a3d7f4842677b64c24f/ktor-server-core-jvm-3.1.3.jar:/Users/anthony/.gradle/caches/modules-2/files-2.1/org.jetbrains.skiko/skiko-awt-runtime-macos-arm64/0.144.6/fa12044f1775530103fd37e71f7bf5398a1d735d/skiko-awt-runtime-macos-arm64-0.144.6.jar:/Users/anthony/.gradle/caches/modules-2/files-2.1/org.jetbrains.skiko/skiko-awt/0.144.6/c9bec39e3c517ed5591c71c7db0cbbe64b6be849/skiko-awt-0.144.6.jar:/Users/anthony/.gradle/caches/modules-2/files-2.1/org.jetbrains.kotlinx/atomicfu-jvm/0.29.0/fad29f53ad0c239ba525b637a152bfcaa8631f0f/atomicfu-jvm-0.29.0.jar:/Users/anthony/.gradle/caches/modules-2/files-2.1/org.jetbrains.kotlin/kotlin-reflect/2.1.20/3c1003045c4f2a72f987a147abac8e7058be1183/kotlin-reflect-2.1.20.jar:/Users/anthony/.gradle/caches/modules-2/files-2.1/io.ktor/ktor-http-cio-jvm/3.1.3/a38e4f73b7ca3fb65acd040d95b0d3dd935505fc/ktor-http-cio-jvm-3.1.3.jar:/Users/anthony/.gradle/caches/modules-2/files-2.1/io.ktor/ktor-websocket-serialization-jvm/3.1.3/e89460b5597c8cbe0fc22766c6cf6fd25af5326b/ktor-websocket-serialization-jvm-3.1.3.jar:/Users/anthony/.gradle/caches/modules-2/files-2.1/io.ktor/ktor-serialization-jvm/3.1.3/ecdbdd352b01b9bf7ff37d2b41d3c32ee470b58d/ktor-serialization-jvm-3.1.3.jar:/Users/anthony/.gradle/caches/modules-2/files-2.1/io.ktor/ktor-websockets-jvm/3.1.3/ba5d56f7ecfd3347b351dcc3bfd519233aaa22b/ktor-websockets-jvm-3.1.3.jar:/Users/anthony/.gradle/caches/modules-2/files-2.1/io.ktor/ktor-network-tls-jvm/3.1.3/87db32e3555e59384450316976b1646a1748e8c9/ktor-network-tls-jvm-3.1.3.jar:/Users/anthony/.gradle/caches/modules-2/files-2.1/io.ktor/ktor-http-jvm/3.1.3/881944d6731e34f5a90e9d9ac3e942f45d41761c/ktor-http-jvm-3.1.3.jar:/Users/anthony/.gradle/caches/modules-2/files-2.1/io.ktor/ktor-events-jvm/3.1.3/ebce4d94edc41cd8ca119da9152af8aa63f706c7/ktor-events-jvm-3.1.3.jar:/Users/anthony/.gradle/caches/modules-2/files-2.1/io.ktor/ktor-sse-jvm/3.1.3/923aed31a9c222641d0dcb1c793d3c8d03f976a3/ktor-sse-jvm-3.1.3.jar:/Users/anthony/.gradle/caches/modules-2/files-2.1/io.ktor/ktor-network-jvm/3.1.3/6c3bc178f66874bf4883dd1ac7e8a92871b02a4f/ktor-network-jvm-3.1.3.jar:/Users/anthony/.gradle/caches/modules-2/files-2.1/io.ktor/ktor-utils-jvm/3.1.3/d2e56dca809c965fa498df86a570fc9ed5b9551f/ktor-utils-jvm-3.1.3.jar:/Users/anthony/.gradle/caches/modules-2/files-2.1/org.jetbrains.kotlinx/kotlinx-coroutines-slf4j/1.11.0/556153d93573d016dd4e5df37e3d03d07d8d303/kotlinx-coroutines-slf4j-1.11.0.jar:/Users/anthony/.gradle/caches/modules-2/files-2.1/org.jetbrains.kotlinx/kotlinx-coroutines-swing/1.11.0/3cf134b8aefd813622edc37e60d66b939b55cb36/kotlinx-coroutines-swing-1.11.0.jar:/Users/anthony/.gradle/caches/modules-2/files-2.1/io.ktor/ktor-io-jvm/3.1.3/24be84462406569be2359e5a013a4fa8770a1c0c/ktor-io-jvm-3.1.3.jar:/Users/anthony/.gradle/caches/modules-2/files-2.1/org.jetbrains.kotlinx/kotlinx-coroutines-core-jvm/1.11.0/3d57dc678bd8d72a60e7adf0eca5c54e3f4f4b79/kotlinx-coroutines-core-jvm-1.11.0.jar:/Users/anthony/.gradle/caches/modules-2/files-2.1/org.jetbrains.kotlinx/kotlinx-serialization-protobuf-jvm/1.11.0/d019acfa356af30f4ad37bf9449e02ae78257197/kotlinx-serialization-protobuf-jvm-1.11.0.jar:/Users/anthony/.gradle/caches/modules-2/files-2.1/org.jetbrains.kotlinx/kotlinx-serialization-core-jvm/1.11.0/c1905c9bf7452b045d5af9248835abe64ddad6bf/kotlinx-serialization-core-jvm-1.11.0.jar:/Users/anthony/.gradle/caches/modules-2/files-2.1/org.jetbrains.kotlinx/kotlinx-serialization-json-jvm/1.11.0/e7e045e99e56f07599bb9ccb708c2190e2af0606/kotlinx-serialization-json-jvm-1.11.0.jar:/Users/anthony/.gradle/caches/modules-2/files-2.1/io.github.kdroidfilter/nucleus.freedesktop-icons/1.15.6/5be968684c838baf8c9298da25e6856eb1506417/nucleus.freedesktop-icons-1.15.6.jar:/Users/anthony/.gradle/caches/modules-2/files-2.1/androidx.graphics/graphics-shapes-desktop/1.1.0/a5d2198960bdc0915f74c6b2954d3323f35f40ea/graphics-shapes-desktop-1.1.0.jar:/Users/anthony/.gradle/caches/modules-2/files-2.1/androidx.collection/collection-jvm/1.5.0/7ba2c69414d46ebc2dd76598bdd0a75c54281a57/collection-jvm-1.5.0.jar:/Users/anthony/.gradle/caches/modules-2/files-2.1/org.jetbrains.kotlinx/kotlinx-datetime-jvm/0.7.1/81c2e0246bd28cc2dcbdf0ab53628322e66a9de9/kotlinx-datetime-jvm-0.7.1.jar:/Users/anthony/.gradle/caches/modules-2/files-2.1/androidx.arch.core/core-common/2.2.0/5e1b8b81dfd5f52c56a8d53b18ca759c19a301f3/core-common-2.2.0.jar:/Users/anthony/.gradle/caches/modules-2/files-2.1/androidx.annotation/annotation-jvm/1.9.1/b17951747e38bf3986a24431b9ba0d039958aa5f/annotation-jvm-1.9.1.jar:/Users/anthony/.gradle/caches/modules-2/files-2.1/org.jetbrains.kotlin/kotlin-stdlib-jdk8/1.9.0/e000bd084353d84c9e888f6fb341dc1f5b79d948/kotlin-stdlib-jdk8-1.9.0.jar:/Users/anthony/.gradle/caches/modules-2/files-2.1/com.russhwolf/multiplatform-settings-jvm/1.3.0/76fe39b1cbb2b2b951ec230ab85e610ae179aab7/multiplatform-settings-jvm-1.3.0.jar:/Users/anthony/.gradle/caches/modules-2/files-2.1/org.jetbrains.kotlinx/kotlinx-io-core-jvm/0.8.0/358a9f2ba2dc81c5dc84c3d1853f6e5efba63be1/kotlinx-io-core-jvm-0.8.0.jar:/Users/anthony/.gradle/caches/modules-2/files-2.1/org.jetbrains/markdown-jvm/0.7.3/83df25f4bb0a51e979774c02530824af8ec6b03e/markdown-jvm-0.7.3.jar:/Users/anthony/.gradle/caches/modules-2/files-2.1/org.jetbrains.kotlinx/kotlinx-collections-immutable-jvm/0.4.0/82499bf608b0fc3ae6737a5eac1a1f1325279bbf/kotlinx-collections-immutable-jvm-0.4.0.jar:/Users/anthony/.gradle/caches/modules-2/files-2.1/org.jetbrains.kotlin/kotlin-stdlib-jdk7/1.9.0/f320478990d05e0cfaadd74f9619fd6027adbf37/kotlin-stdlib-jdk7-1.9.0.jar:/Users/anthony/.gradle/caches/modules-2/files-2.1/org.jetbrains.kotlinx/kotlinx-io-bytestring-jvm/0.8.0/89c5399596250e71f2bba6d2415972a078a525c7/kotlinx-io-bytestring-jvm-0.8.0.jar:/Users/anthony/.gradle/caches/modules-2/files-2.1/org.jetbrains.kotlin/kotlin-stdlib/2.4.20-Beta2/5462cd8176c44cc5f70f0e855e926e6c7854bd0d/kotlin-stdlib-2.4.20-Beta2.jar:/Users/anthony/.gradle/caches/modules-2/files-2.1/com.formdev/flatlaf/3.5.4/cd61f9fc2550473fdacebc205a68e24a065f6fdf/flatlaf-3.5.4.jar:/Users/anthony/.gradle/caches/modules-2/files-2.1/org.jetbrains/annotations/23.0.0/8cc20c07506ec18e0834947b84a864bfc094484e/annotations-23.0.0.jar:/Users/anthony/.gradle/caches/modules-2/files-2.1/net.java.dev.jna/jna-platform/5.17.0/a4934c44d25a9d8c2ddf4203affd20330cb3426f/jna-platform-5.17.0.jar:/Users/anthony/.gradle/caches/modules-2/files-2.1/net.java.dev.jna/jna/5.17.0/33d12735bef894440780fce64f9758d420c7bae2/jna-5.17.0.jar:/Users/anthony/.gradle/caches/modules-2/files-2.1/io.sentry/sentry/8.40.0/7db6df2f041bf87e8cc9b8d67f92dca8d4b5e38d/sentry-8.40.0.jar:/Users/anthony/.gradle/caches/modules-2/files-2.1/org.jetbrains.runtime/jbr-api/1.9.0/2bc161f5472b5fd5610740e4d6ebe896c811cb0e/jbr-api-1.9.0.jar:/Users/anthony/.gradle/caches/modules-2/files-2.1/com.github.hypfvieh/dbus-java-transport-native-unixsocket/5.1.1/40db43e95df145299a9dc97f611c8a4e1f7477a3/dbus-java-transport-native-unixsocket-5.1.1.jar:/Users/anthony/.gradle/caches/modules-2/files-2.1/com.github.hypfvieh/dbus-java-core/5.1.1/36af749ddaefd567bd4e8a41c24845a584ce76d9/dbus-java-core-5.1.1.jar:/Users/anthony/.gradle/caches/modules-2/files-2.1/org.slf4j/slf4j-api/2.0.16/172931663a09a1fa515567af5fbef00897d3c04/slf4j-api-2.0.16.jar:/Users/anthony/.gradle/caches/modules-2/files-2.1/com.typesafe/config/1.4.3/b57e0fbdc7270d8ea59c1ba367457a5cc7ba0e98/config-1.4.3.jar:/Users/anthony/.gradle/caches/modules-2/files-2.1/org.fusesource.jansi/jansi/2.4.1/d5774f204d990c9f5da2809b88f928515577beb4/jansi-2.4.1.jar:/Users/anthony/.gradle/caches/modules-2/files-2.1/org.jspecify/jspecify/1.0.0/7425a601c1c7ec76645a78d22b8c6a627edee507/jspecify-1.0.0.jar
Launcher Type: SUN_STANDARD

[Global flags]
     bool AllowEnhancedClassRedefinition           = true                                      {product} {command line}
     intx CICompilerCount                          = 4                                         {product} {ergonomic}
     uint ConcGCThreads                            = 3                                         {product} {ergonomic}
     uint G1ConcRefinementThreads                  = 11                                        {product} {ergonomic}
   size_t G1HeapRegionSize                         = 8388608                                   {product} {ergonomic}
    uintx GCDrainStackTargetSize                   = 64                                        {product} {ergonomic}
     bool IgnoreUnrecognizedVMOptions              = true                                      {product} {command line}
   size_t InitialHeapSize                          = 603979776                                 {product} {ergonomic}
   size_t MarkStackSize                            = 4194304                                   {product} {ergonomic}
   size_t MaxHeapSize                              = 9663676416                                {product} {ergonomic}
   size_t MaxNewSize                               = 5796528128                                {product} {ergonomic}
   size_t MinHeapDeltaBytes                        = 8388608                                   {product} {ergonomic}
   size_t MinHeapSize                              = 8388608                                   {product} {ergonomic}
    uintx NonNMethodCodeHeapSize                   = 5839564                                {pd product} {ergonomic}
    uintx NonProfiledCodeHeapSize                  = 122909338                              {pd product} {ergonomic}
    uintx ProfiledCodeHeapSize                     = 122909338                              {pd product} {ergonomic}
    uintx ReservedCodeCacheSize                    = 251658240                              {pd product} {ergonomic}
     bool SegmentedCodeCache                       = true                                      {product} {ergonomic}
   size_t SoftMaxHeapSize                          = 9663676416                             {manageable} {ergonomic}
     bool UseCompressedOops                        = true                           {product lp64_product} {ergonomic}
     bool UseG1GC                                  = true                                      {product} {ergonomic}
     bool UseNUMA                                  = false                                     {product} {ergonomic}
     bool UseNUMAInterleaving                      = false                                     {product} {ergonomic}

Logging:
Log output configuration:
 #0: stdout all=warning uptime,level,tags foldmultilines=false
 #1: stderr all=off uptime,level,tags foldmultilines=false

Release file:
JAVA_VERSION="21.0.11"
MODULES="java.base java.compiler java.datatransfer java.xml java.prefs java.desktop java.instrument java.logging java.management java.security.sasl java.naming java.rmi java.management.rmi java.net.http java.scripting java.security.jgss java.transaction.xa java.sql java.sql.rowset java.xml.crypto java.se java.smartcardio jdk.accessibility jdk.internal.jvmstat jdk.attach jdk.charsets jdk.internal.opt jdk.zipfs jdk.compiler jdk.crypto.ec jdk.crypto.cryptoki jdk.dynalink jdk.internal.ed jdk.editpad jdk.hotspot.agent jdk.httpserver jdk.incubator.vector jdk.internal.le jdk.internal.vm.ci jdk.internal.vm.compiler jdk.internal.vm.compiler.management jdk.jartool jdk.javadoc jdk.jcmd jdk.management jdk.management.agent jdk.jconsole jdk.jdeps jdk.jdwp.agent jdk.jdi jdk.jfr jdk.jlink jdk.jpackage jdk.jshell jdk.jsobject jdk.jstatd jdk.localedata jdk.management.jfr jdk.naming.dns jdk.naming.rmi jdk.net jdk.nio.mapmode jdk.random jdk.sctp jdk.security.auth jdk.security.jgss jdk.unsupported jdk.unsupported.desktop jdk.xml.dom"
IMPLEMENTOR="JetBrains s.r.o."
IMPLEMENTOR_VERSION="JBRSDK-21.0.11+10-1163.116-nomod"
JAVA_RUNTIME_VERSION="21.0.11+10-b1163.116"
LIBC="default"
OS_ARCH="aarch64"
OS_NAME="Darwin"
SOURCE=".:git:cf1f197170a0+"

Environment Variables:
PATH=/Users/anthony/.opencode/bin:/Users/anthony/.nvm/versions/node/v24.16.0/bin:/Users/anthony/.local/bin:/Users/anthony/.local/bin:/Users/anthony/.local/bin:/opt/homebrew/bin:/opt/homebrew/sbin:/usr/local/bin:/System/Cryptexes/App/usr/bin:/usr/bin:/bin:/usr/sbin:/sbin:/var/run/com.apple.security.cryptexd/codex.system/bootstrap/usr/local/bin:/var/run/com.apple.security.cryptexd/codex.system/bootstrap/usr/bin:/var/run/com.apple.security.cryptexd/codex.system/bootstrap/usr/appleinternal/bin:/pkg/env/global/bin:/Library/Apple/usr/bin:/Users/anthony/.cargo/bin:/Users/anthony/Library/Application Support/JetBrains/Toolbox/scripts:/Users/anthony/pspdev/bin:/Users/anthony/.lmstudio/bin
SHELL=/bin/zsh
LANG=C.UTF-8
TMPDIR=/var/folders/91/5gm0ys3j57zbykxdgqm9cvt40000gn/T/

Active Locale:
LC_ALL=C.UTF-8
LC_COLLATE=C.UTF-8
LC_CTYPE=C.UTF-8
LC_MESSAGES=C.UTF-8
LC_MONETARY=C.UTF-8
LC_NUMERIC=C.UTF-8
LC_TIME=C.UTF-8

Signal Handlers:
   SIGSEGV: crash_handler in libjvm.dylib, mask=11100110000111110111111111111111, flags=SA_ONSTACK|SA_RESTART|SA_SIGINFO, unblocked
    SIGBUS: crash_handler in libjvm.dylib, mask=11100110000111110111111111111111, flags=SA_RESTART|SA_SIGINFO, unblocked
    SIGFPE: crash_handler in libjvm.dylib, mask=11100110000111110111111111111111, flags=SA_RESTART|SA_SIGINFO, unblocked
   SIGPIPE: javaSignalHandler in libjvm.dylib, mask=11100110000111110111111111111111, flags=SA_RESTART|SA_SIGINFO, blocked
   SIGXFSZ: javaSignalHandler in libjvm.dylib, mask=11100110000111110111111111111111, flags=SA_RESTART|SA_SIGINFO, blocked
    SIGILL: crash_handler in libjvm.dylib, mask=11100110000111110111111111111111, flags=SA_RESTART|SA_SIGINFO, unblocked
   SIGUSR2: SR_handler in libjvm.dylib, mask=00000000000000000000000000000000, flags=SA_RESTART|SA_SIGINFO, blocked
    SIGHUP: UserHandler in libjvm.dylib, mask=11100110000111110111111111111111, flags=SA_RESTART|SA_SIGINFO, blocked
    SIGINT: UserHandler in libjvm.dylib, mask=11100110000111110111111111111111, flags=SA_RESTART|SA_SIGINFO, blocked
   SIGTERM: UserHandler in libjvm.dylib, mask=11100110000111110111111111111111, flags=SA_RESTART|SA_SIGINFO, blocked
   SIGQUIT: UserHandler in libjvm.dylib, mask=11100110000111110111111111111111, flags=SA_RESTART|SA_SIGINFO, blocked
   SIGTRAP: crash_handler in libjvm.dylib, mask=11100110000111110111111111111111, flags=SA_RESTART|SA_SIGINFO, unblocked


Periodic native trim disabled

JNI global refs:
JNI global refs: 382, weak refs: 265

JNI global refs memory usage: 3995, weak refs: 3361

Process memory usage:
Resident Set Size: 635408K (1% of 37748736K total physical memory with 129920K free physical memory)

OOME stack traces (most recent first):
Classloader memory used:
Loader jdk.internal.loader.ClassLoaders$AppClassLoader                                 : 56921K
Loader bootstrap                                                                       : 14240K
Loader jdk.internal.loader.ClassLoaders$PlatformClassLoader                            : 521K
Loader jdk.internal.reflect.DelegatingClassLoader                                      : 23776B

Classes loaded by more than one classloader:
Class dev.anthonyhfm.amethyst.devices.ableton.AbletonArpeggiatorChainDevice           : loaded 2 times (x 88B)
Class dev.anthonyhfm.amethyst.devices.LEDChainDevice                                  : loaded 2 times (x 89B)
Class dev.anthonyhfm.amethyst.devices.AudioRenderContext                              : loaded 2 times (x 71B)
Class dev.anthonyhfm.amethyst.ui.components.automation.DialAutomationPopoverKt$AutomationCanvas$lambda$11$0$$inlined$sortedBy$1: loaded 2 times (x 89B)
Class dev.anthonyhfm.amethyst.ui.components.automation.ComposableSingletons$DialAutomationPopoverKt: loaded 2 times (x 71B)
Class dev.anthonyhfm.amethyst.devices.effects.adjust.AdjustChainDeviceState$$serializer: loaded 2 times (x 89B)
Class dev.anthonyhfm.amethyst.devices.effects.layer_filter.LayerFilterChainDevice     : loaded 2 times (x 89B)
Class dev.anthonyhfm.amethyst.devices.effects.offset.OffsetChainDevice                : loaded 2 times (x 89B)
Class dev.anthonyhfm.amethyst.devices.GenericChainDevice                              : loaded 2 times (x 88B)
Class dev.anthonyhfm.amethyst.devices.effects.shift.ShiftChainDevice                  : loaded 2 times (x 89B)
Class dev.anthonyhfm.amethyst.devices.effects.adjust.AdjustChainDevice$Companion      : loaded 2 times (x 78B)
Class dev.anthonyhfm.amethyst.devices.effects.loop.LoopChainDevice                    : loaded 2 times (x 91B)
Class dev.anthonyhfm.amethyst.devices.effects.group.GroupChainDevice                  : loaded 2 times (x 91B)
Class dev.anthonyhfm.amethyst.devices.effects.opacity.OpacityChainDevice              : loaded 2 times (x 89B)
Class dev.anthonyhfm.amethyst.devices.ableton.AbletonPitcherChainDevice               : loaded 2 times (x 88B)
Class dev.anthonyhfm.amethyst.devices.effects.blur.BlurChainDevice                    : loaded 2 times (x 89B)
Class dev.anthonyhfm.amethyst.devices.effects.transmit.TransmitChainDevice            : loaded 2 times (x 90B)
Class dev.anthonyhfm.amethyst.devices.AudioProcessingBlock                            : loaded 2 times (x 72B)
Class dev.anthonyhfm.amethyst.devices.effects.choke.ChokeChainDevice                  : loaded 2 times (x 91B)
Class dev.anthonyhfm.amethyst.devices.effects.pianoroll.PianoRollChainDevice          : loaded 2 times (x 90B)
Class dev.anthonyhfm.amethyst.devices.effects.composition.CompositionChainDevice      : loaded 2 times (x 90B)
Class dev.anthonyhfm.amethyst.devices.effects.delay.DelayChainDevice                  : loaded 2 times (x 91B)
Class dev.anthonyhfm.amethyst.ui.components.automation.DialAutomationPopoverKt$AutomationCanvas$1$1$2: loaded 2 times (x 95B)
Class dev.anthonyhfm.amethyst.devices.effects.preview.PreviewChainDevice              : loaded 2 times (x 88B)
Class dev.anthonyhfm.amethyst.devices.effects.copy.CopyChainDevice                    : loaded 2 times (x 92B)
Class dev.anthonyhfm.amethyst.devices.effects.adjust.AdjustChainDeviceState           : loaded 2 times (x 75B)
Class dev.anthonyhfm.amethyst.ui.components.automation.DialAutomationPopoverKt$AutomationCanvas$2$1: loaded 2 times (x 75B)
Class dev.anthonyhfm.amethyst.devices.effects.switch.MacroControlChainDevice          : loaded 2 times (x 88B)
Class dev.anthonyhfm.amethyst.devices.AudioConfiguration                              : loaded 2 times (x 71B)
Class dev.anthonyhfm.amethyst.devices.effects.gradient.GradientChainDevice            : loaded 2 times (x 93B)
Class dev.anthonyhfm.amethyst.devices.effects.hold.HoldChainDevice                    : loaded 2 times (x 91B)
Class dev.anthonyhfm.amethyst.devices.ChainDeviceKt                                   : loaded 2 times (x 71B)
Class dev.anthonyhfm.amethyst.devices.effects.keyframes.KeyframesChainDevice          : loaded 2 times (x 93B)
Class dev.anthonyhfm.amethyst.devices.effects.layer.LayerChainDevice                  : loaded 2 times (x 89B)
Class dev.anthonyhfm.amethyst.devices.effects.adjust.AdjustChainDevice                : loaded 2 times (x 89B)
Class dev.anthonyhfm.amethyst.devices.effects.flip.FlipChainDevice                    : loaded 2 times (x 89B)
Class dev.anthonyhfm.amethyst.devices.effects.coordinate_filter.CoordinateFilterChainDevice: loaded 2 times (x 89B)
Class dev.anthonyhfm.amethyst.devices.effects.multi.MultiGroupChainDevice             : loaded 2 times (x 91B)
Class dev.anthonyhfm.amethyst.devices.audio.sample.SampleChainDevice                  : loaded 2 times (x 97B)
Class dev.anthonyhfm.amethyst.devices.AudioChainDevice                                : loaded 2 times (x 96B)
Class dev.anthonyhfm.amethyst.devices.effects.adjust.AdjustChainDeviceState$Companion : loaded 2 times (x 71B)
Class dev.anthonyhfm.amethyst.devices.effects.clear.ClearChainDevice                  : loaded 2 times (x 88B)
Class dev.anthonyhfm.amethyst.devices.AudioChainDeviceRole                            : loaded 2 times (x 79B)
Class dev.anthonyhfm.amethyst.devices.effects.macro_filter.MacroFilterChainDevice     : loaded 2 times (x 88B)
Class dev.anthonyhfm.amethyst.ui.components.automation.DialAutomationPopoverKt        : loaded 2 times (x 71B)
Class dev.anthonyhfm.amethyst.devices.effects.color.ColorChainDevice                  : loaded 2 times (x 89B)
Class dev.anthonyhfm.amethyst.devices.effects.rotate.RotateChainDevice                : loaded 2 times (x 89B)
Class dev.anthonyhfm.amethyst.devices.effects.color_filter.ColorFilterChainDevice     : loaded 2 times (x 89B)
Class dev.anthonyhfm.amethyst.ui.components.automation.DialAutomationPopoverKt$AutomationCanvas$1$1: loaded 2 times (x 75B)

---------------  S Y S T E M  ---------------

OS:
uname: Darwin 25.5.0 Darwin Kernel Version 25.5.0: Tue Jun  9 22:28:34 PDT 2026; root:xnu-12377.121.10~1/RELEASE_ARM64_T6041 arm64
OS uptime: 1 days 4:01 hours
rlimit (soft/hard): STACK 8176k/65520k , CORE 0k/infinity , NPROC 6000/9000 , NOFILE 10240/infinity , AS infinity/infinity , CPU infinity/infinity , DATA infinity/infinity , FSIZE infinity/infinity , MEMLOCK infinity/infinity , RSS infinity/infinity
load average: 9.12 5.56 4.48

CPU: total 14 (initial active 14) 0x61:0x0:0x17d5b93a:0, fp, asimd, aes, pmull, sha1, sha256, crc32, lse, sha3, sha512
machdep.cpu.brand_string:Apple M4 Max
hw.cachelinesize:128
hw.l1icachesize:131072
hw.l1dcachesize:65536
hw.l2cachesize:4194304

Memory: 16k page, physical 37748736k(129920k free), swap 0k(0k free)

vm_info: OpenJDK 64-Bit Server VM (21.0.11+10-b1163.116) for bsd-aarch64 JRE (21.0.11+10-b1163.116), built on 2026-04-30 by "builduser" with clang Apple LLVM 15.0.0 (clang-1500.1.0.2.5)

END.
